date,open,high,low,close,volume
2017-01-02,15.46,16.37,14.64,15.83,0.0
2017-01-03,15.83,16.41,14.9,15.95,0.0
2017-01-04,15.95,16.1,14.89,15.89,0.0
2017-01-05,15.89,15.89,14.44,15.05,0.0
2017-01-06,15.05,15.08,13.92,14.91,0.0
2017-01-09,14.91,15.63,13.82,15.48,0.0
2017-01-10,15.48,15.48,14.02,15.19,0.0
2017-01-11,15.19,15.19,13.53,14.8,0.0
2017-01-12,14.8,14.86,13.46,14.61,0.0
2017-01-13,14.61,14.65,13.37,14.38,0.0
2017-01-16,14.38,15.25,13.42,15.06,0.0
2017-01-17,15.06,15.62,13.98,15.39,0.0
2017-01-18,15.39,15.39,13.61,15.18,0.0
2017-01-19,15.18,15.27,14.03,15.02,0.0
2017-01-20,15.02,15.86,13.85,15.79,0.0
2017-01-23,15.79,16.37,15.5,15.9,0.0
2017-01-24,15.9,15.96,14.38,15.28,0.0
2017-01-25,15.28,15.42,14.41,15.17,0.0
2017-01-27,15.17,16.12,14.93,16.0,0.0
2017-01-30,16.0,16.85,15.39,16.67,0.0
2017-01-31,16.67,17.09,15.71,16.82,0.0
2017-02-01,16.82,17.42,13.8,13.97,0.0
2017-02-02,13.97,13.97,12.64,13.52,0.0
2017-02-03,13.52,13.59,11.78,13.12,0.0
2017-02-06,13.12,13.61,11.06,13.39,0.0
2017-02-07,13.39,13.72,12.24,13.5,0.0
2017-02-08,13.5,13.75,11.43,13.35,0.0
2017-02-09,13.35,13.78,11.39,13.23,0.0
2017-02-10,13.23,13.33,11.37,13.17,0.0
2017-02-13,13.17,13.76,11.57,13.69,0.0
2017-02-14,13.69,14.01,12.09,13.8,0.0
2017-02-15,13.8,14.46,11.72,14.21,0.0
2017-02-16,14.21,14.21,11.43,13.73,0.0
2017-02-17,13.73,13.77,12.46,13.43,0.0
2017-02-20,13.43,13.84,12.41,13.61,0.0
2017-02-21,13.61,14.28,11.89,13.52,0.0
2017-02-22,13.52,14.04,12.72,13.7,0.0
2017-02-23,13.7,13.96,12.91,13.4,0.0
2017-02-27,13.4,14.27,13.4,13.67,0.0
2017-02-28,13.67,14.02,13.16,13.79,0.0
2017-03-01,13.79,13.79,13.2,13.57,0.0
2017-03-02,13.57,13.61,13.03,13.36,0.0
2017-03-03,13.36,13.6,12.56,13.35,0.0
2017-03-06,13.35,13.72,12.81,13.64,0.0
2017-03-07,13.64,14.0,13.09,13.87,0.0
2017-03-08,13.87,14.28,12.68,14.07,0.0
2017-03-09,14.07,14.78,12.6,14.39,0.0
2017-03-10,14.39,14.39,13.57,13.95,0.0
2017-03-14,13.95,13.95,11.08,12.4,0.0
2017-03-15,12.4,12.53,11.2,12.42,0.0
2017-03-16,12.42,12.42,11.34,11.91,0.0
2017-03-17,11.91,12.11,10.38,11.85,0.0
2017-03-20,11.85,12.31,11.44,12.01,0.0
2017-03-21,12.01,12.15,11.03,11.94,0.0
2017-03-22,11.94,12.35,11.58,12.27,0.0
2017-03-23,12.27,12.27,11.23,11.83,0.0
2017-03-24,11.83,12.1,10.7,11.97,0.0
2017-03-27,11.97,12.57,11.33,12.43,0.0
2017-03-28,12.43,12.43,11.46,12.11,0.0
2017-03-29,12.11,12.24,11.45,12.08,0.0
2017-03-30,12.08,12.45,11.75,12.15,0.0
2017-03-31,12.15,12.51,11.48,12.42,0.0
2017-04-03,12.42,12.76,11.41,11.49,0.0
2017-04-05,11.49,11.88,10.89,11.55,0.0
2017-04-06,11.55,11.76,11.03,11.29,0.0
2017-04-07,11.29,11.81,10.3,11.69,0.0
2017-04-10,11.69,11.92,11.24,11.62,0.0
2017-04-11,11.62,11.83,10.23,11.39,0.0
2017-04-12,11.39,12.06,10.79,11.62,0.0
2017-04-13,11.62,11.78,10.58,11.57,0.0
2017-04-17,11.57,12.21,10.69,11.89,0.0
2017-04-18,11.89,12.59,10.76,12.37,0.0
2017-04-19,12.37,12.51,10.74,12.21,0.0
2017-04-20,12.21,12.21,10.85,11.56,0.0
2017-04-21,11.56,11.73,10.55,11.42,0.0
2017-04-24,11.42,11.85,10.96,11.62,0.0
2017-04-25,11.62,11.62,10.97,11.15,0.0
2017-04-26,11.15,11.86,9.91,11.74,0.0
2017-04-27,11.74,11.74,10.36,11.07,0.0
2017-04-28,11.07,11.07,10.53,10.86,0.0
2017-05-02,10.86,11.8,10.35,11.44,0.0
2017-05-03,11.44,11.66,9.94,11.52,0.0
2017-05-04,11.52,11.78,10.6,11.33,0.0
2017-05-05,11.33,12.16,10.45,11.98,0.0
2017-05-08,11.98,11.98,10.61,11.66,0.0
2017-05-09,11.66,11.66,10.54,11.11,0.0
2017-05-10,11.11,11.11,9.95,10.94,0.0
2017-05-11,10.94,11.26,9.89,10.83,0.0
2017-05-12,10.83,10.83,9.46,10.62,0.0
2017-05-15,10.62,11.14,8.83,10.67,0.0
2017-05-16,10.67,11.02,9.06,10.56,0.0
2017-05-17,10.56,10.8,9.24,10.63,0.0
2017-05-18,10.63,12.74,9.81,11.78,0.0
2017-05-19,11.78,11.9,10.39,11.3,0.0
2017-05-22,11.3,11.85,10.2,11.2,0.0
2017-05-23,11.2,12.76,9.86,12.2,0.0
2017-05-24,12.2,12.78,10.45,11.83,0.0
2017-05-25,11.83,11.92,10.19,10.44,0.0
2017-05-26,10.44,11.18,9.88,10.86,0.0
2017-05-29,10.86,11.87,10.26,11.78,0.0
2017-05-30,11.78,12.27,10.86,11.76,0.0
2017-05-31,11.76,12.24,11.02,11.76,0.0
2017-06-01,11.76,11.91,10.61,11.3,0.0
2017-06-02,11.3,11.3,10.31,10.81,0.0
2017-06-05,10.81,11.14,10.05,11.01,0.0
2017-06-06,11.01,11.32,9.49,11.13,0.0
2017-06-07,11.13,11.18,10.22,10.89,0.0
2017-06-08,10.89,11.12,9.52,11.06,0.0
2017-06-09,11.06,11.22,10.27,10.86,0.0
2017-06-12,10.86,11.5,10.35,11.42,0.0
2017-06-13,11.42,11.46,9.9,11.34,0.0
2017-06-14,11.34,11.52,10.44,11.18,0.0
2017-06-15,11.18,11.43,9.88,11.32,0.0
2017-06-16,11.32,11.32,9.71,10.91,0.0
2017-06-19,10.91,10.91,9.74,10.62,0.0
2017-06-20,10.62,10.87,9.82,10.65,0.0
2017-06-21,10.65,11.05,9.77,10.91,0.0
2017-06-22,10.91,11.42,10.07,11.2,0.0
2017-06-23,11.2,11.78,8.75,11.55,0.0
2017-06-27,11.55,12.86,10.93,12.5,0.0
2017-06-28,12.5,12.75,11.09,11.99,0.0
2017-06-29,11.99,11.99,10.59,11.38,0.0
2017-06-30,11.38,12.1,11.07,11.73,0.0
2017-07-03,11.73,11.75,10.45,11.2,0.0
2017-07-04,11.2,11.64,10.42,11.27,0.0
2017-07-05,11.27,11.42,10.45,11.15,0.0
2017-07-06,11.15,11.17,10.28,10.98,0.0
2017-07-07,10.98,11.12,9.61,10.86,0.0
2017-07-10,10.86,11.09,9.57,10.91,0.0
2017-07-11,10.91,11.07,9.89,10.89,0.0
2017-07-12,10.89,11.3,9.67,11.05,0.0
2017-07-13,11.05,11.39,9.86,11.24,0.0
2017-07-14,11.24,11.47,10.06,11.17,0.0
2017-07-17,11.17,11.56,10.48,11.45,0.0
2017-07-18,11.45,11.79,10.28,11.49,0.0
2017-07-19,11.49,11.68,9.07,11.25,0.0
2017-07-20,11.25,11.56,10.37,11.31,0.0
2017-07-21,11.31,11.71,9.0,11.08,0.0
2017-07-24,11.08,11.79,10.35,11.31,0.0
2017-07-25,11.31,11.51,10.23,10.91,0.0
2017-07-26,10.91,11.77,10.9,11.17,0.0
2017-07-27,11.17,11.91,10.81,11.21,0.0
2017-07-28,11.21,12.01,10.98,11.13,0.0
2017-07-31,11.13,12.03,11.13,11.9,0.0
2017-08-01,11.9,12.39,11.58,11.9,0.0
2017-08-02,11.9,12.17,10.92,11.94,0.0
2017-08-03,11.94,12.23,11.2,11.64,0.0
2017-08-04,11.64,11.74,10.74,11.39,0.0
2017-08-07,11.39,12.0,10.64,11.89,0.0
2017-08-08,11.89,13.04,10.48,12.77,0.0
2017-08-09,12.77,13.67,10.51,13.45,0.0
2017-08-10,13.45,14.16,12.23,13.8,0.0
2017-08-11,13.8,15.54,11.67,15.19,0.0
2017-08-14,15.19,15.19,11.85,14.38,0.0
2017-08-16,14.38,14.7,12.62,14.23,0.0
2017-08-17,14.23,14.62,10.79,14.34,0.0
2017-08-18,14.34,14.89,11.16,14.57,0.0
2017-08-21,14.57,14.96,13.14,14.81,0.0
2017-08-22,14.81,14.81,11.16,14.1,0.0
2017-08-23,14.1,14.1,12.26,13.18,0.0
2017-08-24,13.18,13.19,11.94,12.57,0.0
2017-08-28,12.57,13.67,11.36,12.64,0.0
2017-08-29,12.64,13.85,12.28,13.54,0.0
2017-08-30,13.54,14.13,11.74,12.88,0.0
2017-08-31,12.88,13.69,11.78,11.95,0.0
2017-09-01,11.95,12.15,10.52,11.67,0.0
2017-09-04,11.67,13.95,11.48,13.16,0.0
2017-09-05,13.16,13.44,12.47,12.88,0.0
2017-09-06,12.88,13.49,12.03,13.12,0.0
2017-09-07,13.12,13.12,11.17,13.0,0.0
2017-09-08,13.0,13.09,11.77,12.96,0.0
2017-09-11,12.96,12.96,11.54,12.36,0.0
2017-09-12,12.36,12.36,11.52,11.75,0.0
2017-09-13,11.75,11.86,10.68,11.75,0.0
2017-09-14,11.75,11.87,10.36,11.47,0.0
2017-09-15,11.47,12.01,10.01,11.67,0.0
2017-09-18,11.67,11.67,10.83,11.44,0.0
2017-09-19,11.44,11.64,10.39,11.46,0.0
2017-09-20,11.46,11.87,10.11,11.63,0.0
2017-09-21,11.63,12.18,9.25,11.63,0.0
2017-09-22,11.63,12.99,11.0,12.81,0.0
2017-09-25,12.81,13.84,11.5,13.34,0.0
2017-09-26,13.34,13.62,12.63,12.92,0.0
2017-09-27,12.92,14.16,11.77,13.86,0.0
2017-09-28,13.86,13.97,12.82,13.17,0.0
2017-09-29,13.17,13.17,11.91,12.48,0.0
2017-10-03,12.48,12.87,11.44,12.46,0.0
2017-10-04,12.46,12.57,11.57,11.8,0.0
2017-10-05,11.8,11.89,10.58,11.71,0.0
2017-10-06,11.71,11.71,10.74,11.11,0.0
2017-10-09,11.11,11.56,10.4,11.39,0.0
2017-10-10,11.39,11.45,10.75,11.11,0.0
2017-10-11,11.11,12.18,10.18,11.73,0.0
2017-10-12,11.73,11.73,10.46,11.04,0.0
2017-10-13,11.04,11.34,10.08,11.26,0.0
2017-10-16,11.26,11.58,10.03,11.31,0.0
2017-10-17,11.31,11.73,10.1,11.61,0.0
2017-10-18,11.61,11.75,10.13,11.54,0.0
2017-10-19,11.54,12.81,10.82,12.39,0.0
2017-10-23,12.39,12.93,10.87,12.32,0.0
2017-10-24,12.32,12.47,11.36,11.59,0.0
2017-10-25,11.59,12.49,11.19,11.76,0.0
2017-10-26,11.76,12.64,11.28,11.61,0.0
2017-10-27,11.61,12.15,11.19,11.47,0.0
2017-10-30,11.47,12.26,11.47,12.11,0.0
2017-10-31,12.11,12.52,11.52,12.44,0.0
2017-11-01,12.44,12.44,11.79,12.13,0.0
2017-11-02,12.13,12.37,11.41,12.0,0.0
2017-11-03,12.0,12.3,11.07,11.91,0.0
2017-11-06,11.91,13.26,11.37,13.02,0.0
2017-11-07,13.02,13.68,11.67,13.23,0.0
2017-11-08,13.23,13.85,11.23,13.61,0.0
2017-11-09,13.61,13.71,11.08,13.26,0.0
2017-11-10,13.26,13.81,11.16,13.47,0.0
2017-11-13,13.47,14.38,11.16,14.04,0.0
2017-11-14,14.04,14.74,12.45,14.16,0.0
2017-11-15,14.16,14.57,11.58,14.26,0.0
2017-11-16,14.26,14.26,11.06,13.46,0.0
2017-11-17,13.46,13.86,11.63,13.71,0.0
2017-11-20,13.71,15.6,11.12,13.43,0.0
2017-11-21,13.43,13.92,11.01,13.71,0.0
2017-11-22,13.71,14.33,12.18,14.03,0.0
2017-11-23,14.03,14.46,12.82,13.86,0.0
2017-11-24,13.86,13.99,12.49,13.51,0.0
2017-11-27,13.51,13.9,11.52,13.03,0.0
2017-11-28,13.03,13.36,12.03,13.14,0.0
2017-11-29,13.14,13.28,12.25,13.06,0.0
2017-11-30,13.06,13.9,11.96,13.55,0.0
2017-12-01,13.55,15.02,12.62,14.79,0.0
2017-12-04,14.79,15.25,14.13,14.85,0.0
2017-12-05,14.85,15.33,13.54,15.0,0.0
2017-12-06,15.0,15.25,13.55,15.08,0.0
2017-12-07,15.08,15.08,13.92,14.27,0.0
2017-12-08,14.27,14.27,12.9,13.67,0.0
2017-12-11,13.67,14.48,12.16,14.14,0.0
2017-12-12,14.14,15.37,12.15,15.26,0.0
2017-12-13,15.26,16.31,12.7,15.94,0.0
2017-12-14,15.94,17.38,12.79,16.4,0.0
2017-12-15,16.4,16.4,13.39,14.94,0.0
2017-12-18,14.94,18.25,12.81,13.11,0.0
2017-12-19,13.11,13.11,12.07,12.18,0.0
2017-12-20,12.18,12.41,11.2,12.18,0.0
2017-12-21,12.18,12.24,10.16,12.08,0.0
2017-12-22,12.08,12.13,10.73,11.58,0.0
2017-12-26,11.58,12.25,10.31,12.05,0.0
2017-12-27,12.05,12.73,11.51,12.49,0.0
2017-12-28,12.49,12.69,11.32,12.29,0.0
2017-12-29,12.29,12.76,11.48,12.67,0.0
2018-01-01,12.67,13.61,12.54,13.35,0.0
2018-01-02,13.35,13.84,12.6,13.68,0.0
2018-01-03,13.68,13.71,12.76,13.62,0.0
2018-01-04,13.62,13.79,12.18,13.41,0.0
2018-01-05,13.41,13.41,12.42,13.11,0.0
2018-01-08,13.11,13.85,11.81,13.73,0.0
2018-01-09,13.73,14.13,12.25,13.84,0.0
2018-01-10,13.84,14.22,12.51,14.03,0.0
2018-01-11,14.03,14.27,12.98,14.01,0.0
2018-01-12,14.01,14.55,11.92,13.73,0.0
2018-01-15,13.73,14.47,11.81,14.3,0.0
2018-01-16,14.3,14.58,12.34,14.08,0.0
2018-01-17,14.08,14.44,10.34,13.86,0.0
2018-01-18,13.86,14.22,11.65,13.96,0.0
2018-01-19,13.96,14.19,10.75,13.98,0.0
2018-01-22,13.98,15.59,12.06,15.39,0.0
2018-01-23,15.39,16.29,14.11,16.22,0.0
2018-01-24,16.22,18.49,14.64,18.04,0.0
2018-01-25,18.04,18.23,17.03,17.5,0.0
2018-01-29,17.5,18.48,16.36,17.88,0.0
2018-01-30,17.88,18.0,16.15,16.41,0.0
2018-01-31,16.41,16.41,14.28,15.93,0.0
2018-02-01,15.93,16.77,13.9,14.1,0.0
2018-02-02,14.1,15.49,11.49,15.25,0.0
2018-02-05,15.25,18.33,15.08,16.05,0.0
2018-02-06,16.05,23.15,16.05,20.01,0.0
2018-02-07,20.01,20.01,16.79,19.46,0.0
2018-02-08,19.46,24.03,15.26,17.77,0.0
2018-02-09,17.77,20.42,15.15,19.23,0.0
2018-02-12,19.23,19.23,16.56,17.88,0.0
2018-02-14,17.88,17.88,15.52,17.18,0.0
2018-02-15,17.18,17.18,14.08,16.31,0.0
2018-02-16,16.31,16.97,12.57,16.37,0.0
2018-02-19,16.37,18.03,13.95,16.66,0.0
2018-02-20,16.66,17.53,16.32,16.86,0.0
2018-02-21,16.86,16.87,15.72,15.92,0.0
2018-02-22,15.92,16.45,14.5,14.83,0.0
2018-02-23,14.83,14.83,13.53,14.2,0.0
2018-02-26,14.2,14.32,13.53,13.69,0.0
2018-02-27,13.69,14.42,12.44,13.92,0.0
2018-02-28,13.92,14.4,12.52,13.8,0.0
2018-03-01,13.8,14.25,12.4,14.07,0.0
2018-03-05,14.07,15.99,12.23,15.39,0.0
2018-03-06,15.39,16.44,13.16,16.24,0.0
2018-03-07,16.24,16.46,13.44,15.7,0.0
2018-03-08,15.7,15.7,12.48,14.58,0.0
2018-03-09,14.58,14.76,12.9,14.52,0.0
2018-03-12,14.52,14.66,12.01,14.49,0.0
2018-03-13,14.49,14.62,12.38,14.46,0.0
2018-03-14,14.46,14.95,11.73,14.36,0.0
2018-03-15,14.36,14.65,11.29,14.33,0.0
2018-03-16,14.33,15.62,11.63,15.22,0.0
2018-03-19,15.22,16.01,13.14,15.82,0.0
2018-03-20,15.82,16.12,15.17,15.6,0.0
2018-03-21,15.6,15.6,12.39,15.1,0.0
2018-03-22,15.1,15.36,11.99,15.24,0.0
2018-03-23,15.24,16.38,15.24,15.54,0.0
2018-03-26,15.54,16.38,14.85,15.19,0.0
2018-03-27,15.19,16.1,14.49,15.55,0.0
2018-03-28,15.55,15.97,14.81,15.75,0.0
2018-04-02,15.75,16.45,15.19,15.34,0.0
2018-04-03,15.34,15.77,14.87,15.18,0.0
2018-04-04,15.18,16.48,13.68,16.34,0.0
2018-04-05,16.34,16.34,13.86,14.79,0.0
2018-04-06,14.79,15.15,13.01,14.74,0.0
2018-04-09,14.74,15.13,14.46,14.86,0.0
2018-04-10,14.86,14.86,14.0,14.49,0.0
2018-04-11,14.49,14.9,12.74,14.72,0.0
2018-04-12,14.72,14.99,11.8,14.56,0.0
2018-04-13,14.56,14.56,13.45,14.14,0.0
2018-04-16,14.14,14.86,13.41,14.26,0.0
2018-04-17,14.26,14.39,13.34,14.04,0.0
2018-04-18,14.04,14.36,13.16,14.11,0.0
2018-04-19,14.11,14.11,12.5,13.74,0.0
2018-04-20,13.74,13.76,9.74,12.93,0.0
2018-04-23,12.93,13.49,11.53,13.14,0.0
2018-04-24,13.14,13.38,11.48,11.89,0.0
2018-04-25,11.89,13.31,11.89,12.4,0.0
2018-04-26,12.39,13.58,11.74,12.03,0.0
2018-04-27,12.03,12.63,11.43,12.01,0.0
2018-04-30,12.01,12.55,12.01,12.36,0.0
2018-05-02,12.36,13.19,12.36,12.84,0.0
2018-05-03,12.84,13.2,12.47,12.98,0.0
2018-05-04,12.98,13.45,10.98,13.25,0.0
2018-05-07,13.25,13.96,12.82,13.76,0.0
2018-05-08,13.76,14.43,11.09,14.05,0.0
2018-05-09,14.05,14.55,12.12,14.27,0.0
2018-05-10,14.27,14.65,12.56,14.42,0.0
2018-05-11,14.42,14.82,13.0,13.97,0.0
2018-05-14,13.97,14.49,12.1,14.24,0.0
2018-05-15,14.24,14.24,11.48,13.16,0.0
2018-05-16,13.16,13.64,10.85,13.43,0.0
2018-05-17,13.43,13.68,11.09,13.4,0.0
2018-05-18,13.4,14.35,11.61,14.15,0.0
2018-05-21,14.15,14.53,11.75,14.41,0.0
2018-05-22,14.41,14.41,11.74,13.6,0.0
2018-05-23,13.6,14.94,11.88,14.15,0.0
2018-05-24,14.15,14.22,10.89,13.14,0.0
2018-05-25,13.14,13.17,11.0,12.64,0.0
2018-05-28,12.64,13.14,11.34,13.05,0.0
2018-05-29,13.05,13.86,11.97,13.07,0.0
2018-05-30,13.07,13.85,12.18,13.41,0.0
2018-05-31,13.41,14.23,12.13,13.22,0.0
2018-06-01,13.22,14.59,12.15,13.57,0.0
2018-06-04,13.57,15.47,12.18,13.88,0.0
2018-06-05,13.88,14.49,13.13,13.31,0.0
2018-06-06,13.31,13.51,12.14,12.55,0.0
2018-06-07,12.55,13.65,11.61,12.77,0.0
2018-06-08,12.77,13.16,10.8,12.69,0.0
2018-06-11,12.69,13.82,11.32,13.18,0.0
2018-06-12,13.18,13.89,10.44,12.73,0.0
2018-06-13,12.73,13.14,11.22,12.63,0.0
2018-06-14,12.63,12.63,10.43,12.09,0.0
2018-06-15,12.09,12.5,10.49,12.07,0.0
2018-06-18,12.07,12.55,9.82,12.38,0.0
2018-06-19,12.38,13.0,11.47,12.92,0.0
2018-06-20,12.92,12.92,10.6,12.17,0.0
2018-06-21,12.17,12.59,10.91,12.44,0.0
2018-06-22,12.44,12.54,10.39,12.02,0.0
2018-06-25,12.02,12.77,9.74,12.58,0.0
2018-06-26,12.58,12.97,12.33,12.79,0.0
2018-06-27,12.79,13.81,12.08,13.51,0.0
2018-06-28,13.51,14.07,12.52,13.94,0.0
2018-06-29,13.94,13.94,12.63,12.93,0.0
2018-07-02,12.93,13.94,12.46,13.37,0.0
2018-07-03,13.37,13.75,12.18,13.0,0.0
2018-07-04,13.0,13.34,12.57,12.65,0.0
2018-07-05,12.65,12.95,11.22,12.57,0.0
2018-07-06,12.57,12.68,11.66,12.44,0.0
2018-07-09,12.44,12.57,11.21,12.39,0.0
2018-07-10,12.39,12.52,11.01,12.39,0.0
2018-07-11,12.39,12.86,10.01,12.77,0.0
2018-07-12,12.77,12.86,10.65,12.5,0.0
2018-07-13,12.5,12.5,11.31,12.3,0.0
2018-07-16,12.3,13.04,11.16,12.94,0.0
2018-07-17,12.94,12.94,11.24,12.82,0.0
2018-07-18,12.82,13.9,10.64,13.68,0.0
2018-07-19,13.68,13.79,10.99,13.59,0.0
2018-07-20,13.59,13.9,11.31,13.53,0.0
2018-07-23,13.53,13.62,12.06,13.0,0.0
2018-07-24,13.0,13.08,12.14,12.46,0.0
2018-07-25,12.46,13.25,11.21,12.2,0.0
2018-07-26,12.2,13.04,11.6,12.02,0.0
2018-07-27,12.02,12.5,11.24,12.31,0.0
2018-07-30,12.31,13.05,12.3,12.58,0.0
2018-07-31,12.58,12.79,12.28,12.48,0.0
2018-08-01,12.48,12.76,11.99,12.53,0.0
2018-08-02,12.53,12.8,10.88,12.55,0.0
2018-08-03,12.55,12.55,10.9,12.07,0.0
2018-08-06,12.07,12.73,11.85,12.56,0.0
2018-08-07,12.56,12.82,10.58,12.57,0.0
2018-08-08,12.57,12.78,10.48,12.54,0.0
2018-08-09,12.54,12.76,10.87,12.67,0.0
2018-08-10,12.67,12.98,10.05,12.85,0.0
2018-08-13,12.85,13.5,11.29,13.4,0.0
2018-08-14,13.4,13.42,10.75,13.28,0.0
2018-08-16,13.28,13.86,11.46,13.64,0.0
2018-08-17,13.64,13.64,10.3,13.16,0.0
2018-08-20,13.16,13.55,11.34,13.03,0.0
2018-08-21,13.03,13.63,9.92,12.9,0.0
2018-08-23,12.9,13.11,9.53,12.75,0.0
2018-08-24,12.75,12.83,9.43,12.4,0.0
2018-08-27,12.4,12.53,9.51,12.23,0.0
2018-08-28,12.23,12.6,10.37,12.42,0.0
2018-08-29,12.42,12.67,10.72,12.43,0.0
2018-08-30,12.43,12.62,10.62,12.41,0.0
2018-08-31,12.41,12.79,11.6,12.59,0.0
2018-09-03,12.59,13.71,11.17,13.39,0.0
2018-09-04,13.39,13.88,12.19,13.78,0.0
2018-09-05,13.78,14.15,11.95,13.65,0.0
2018-09-06,13.65,14.2,12.06,13.72,0.0
2018-09-07,13.72,14.14,11.08,13.89,0.0
2018-09-10,13.89,15.31,12.61,15.2,0.0
2018-09-11,15.2,15.44,13.44,15.33,0.0
2018-09-12,15.33,15.33,12.98,14.25,0.0
2018-09-14,14.25,14.25,12.32,13.84,0.0
2018-09-17,13.84,14.63,11.73,14.49,0.0
2018-09-18,14.49,14.62,11.87,14.41,0.0
2018-09-19,14.41,14.47,11.74,14.0,0.0
2018-09-21,14.0,16.92,10.98,15.53,0.0
2018-09-24,15.53,17.85,13.8,17.42,0.0
2018-09-25,17.42,18.31,16.21,16.68,0.0
2018-09-26,16.68,17.57,15.1,17.08,0.0
2018-09-27,17.08,17.37,15.6,16.92,0.0
2018-09-28,16.92,17.69,15.92,16.99,0.0
2018-10-01,16.99,18.86,16.27,16.83,0.0
2018-10-03,16.83,18.64,15.57,18.11,0.0
2018-10-04,18.11,19.68,17.48,18.91,0.0
2018-10-05,18.91,20.48,18.45,19.73,0.0
2018-10-08,19.73,21.76,18.47,20.14,0.0
2018-10-09,20.14,20.35,17.47,19.75,0.0
2018-10-10,19.75,19.75,17.72,17.9,0.0
2018-10-11,17.9,20.84,17.62,20.54,0.0
2018-10-12,20.54,20.54,16.67,18.62,0.0
2018-10-15,18.62,19.82,15.98,18.88,0.0
2018-10-16,18.88,18.88,14.28,17.37,0.0
2018-10-17,17.37,18.2,14.84,17.98,0.0
2018-10-19,17.98,20.05,17.44,19.78,0.0
2018-10-22,19.78,21.67,17.08,21.35,0.0
2018-10-23,21.35,22.34,18.76,19.03,0.0
2018-10-24,19.03,19.81,17.71,18.88,0.0
2018-10-25,18.88,20.33,18.49,18.96,0.0
2018-10-26,18.96,21.04,18.66,19.23,0.0
2018-10-29,19.23,20.81,19.23,19.82,0.0
2018-10-30,19.82,20.77,19.55,20.5,0.0
2018-10-31,20.5,22.81,19.57,19.79,0.0
2018-11-01,19.79,20.13,18.89,19.19,0.0
2018-11-02,19.19,19.19,17.48,18.23,0.0
2018-11-05,18.23,19.82,17.73,19.48,0.0
2018-11-06,19.48,19.48,16.18,18.5,0.0
2018-11-07,18.5,18.5,16.81,17.87,0.0
2018-11-09,17.87,18.75,16.75,17.76,0.0
2018-11-12,17.76,19.46,16.47,19.36,0.0
2018-11-13,19.36,19.68,17.12,18.69,0.0
2018-11-14,18.69,19.5,14.77,18.82,0.0
2018-11-15,18.82,18.91,15.49,18.45,0.0
2018-11-16,18.45,18.86,16.89,18.35,0.0
2018-11-19,18.35,19.65,13.51,19.25,0.0
2018-11-20,19.25,19.64,18.25,19.32,0.0
2018-11-21,19.32,20.09,15.54,19.55,0.0
2018-11-22,19.55,20.0,17.08,19.16,0.0
2018-11-26,19.16,20.52,15.01,20.4,0.0
2018-11-27,20.4,20.4,16.6,18.31,0.0
2018-11-28,18.31,19.35,16.67,17.96,0.0
2018-11-29,17.96,18.85,14.93,18.69,0.0
2018-11-30,18.69,19.91,16.81,19.16,0.0
2018-12-03,19.16,19.61,16.31,18.22,0.0
2018-12-04,18.22,19.62,16.91,18.11,0.0
2018-12-05,18.11,18.83,16.62,18.39,0.0
2018-12-06,18.39,19.55,15.91,19.31,0.0
2018-12-07,19.31,19.63,15.98,18.59,0.0
2018-12-10,18.59,20.65,16.89,20.44,0.0
2018-12-11,20.44,20.44,17.2,17.95,0.0
2018-12-12,17.95,17.95,15.42,15.81,0.0
2018-12-13,15.81,15.91,11.91,15.55,0.0
2018-12-14,15.55,15.6,12.67,15.16,0.0
2018-12-17,15.16,15.91,13.87,14.54,0.0
2018-12-18,14.54,15.31,11.98,14.58,0.0
2018-12-19,14.58,14.87,11.87,14.66,0.0
2018-12-20,14.66,14.92,13.72,14.33,0.0
2018-12-21,14.33,16.23,12.94,15.99,0.0
2018-12-24,15.99,17.13,14.9,15.75,0.0
2018-12-26,15.75,17.48,14.81,15.92,0.0
2018-12-27,15.92,16.38,12.56,16.07,0.0
2018-12-28,16.07,16.07,15.02,15.27,0.0
2018-12-31,15.27,16.15,14.65,16.0,0.0
2019-01-01,16.0,16.4,15.15,15.33,0.0
2019-01-02,15.33,16.95,14.84,16.39,0.0
2019-01-03,16.39,17.15,15.44,16.79,0.0
2019-01-04,16.79,16.97,15.49,16.16,0.0
2019-01-07,16.16,16.45,15.3,16.3,0.0
2019-01-08,16.3,16.57,14.74,15.7,0.0
2019-01-09,15.7,16.32,13.9,15.27,0.0
2019-01-10,15.27,15.61,14.15,15.35,0.0
2019-01-11,15.35,15.83,14.36,15.35,0.0
2019-01-14,15.35,16.55,15.35,16.16,0.0
2019-01-15,16.16,16.16,12.99,15.58,0.0
2019-01-16,15.58,16.31,12.8,16.08,0.0
2019-01-17,16.08,16.43,12.99,16.24,0.0
2019-01-18,16.24,16.91,12.31,16.62,0.0
2019-01-21,16.62,18.34,14.36,18.15,0.0
2019-01-22,18.15,18.47,15.51,17.99,0.0
2019-01-23,17.99,18.29,12.02,18.09,0.0
2019-01-24,18.09,18.38,14.54,17.44,0.0
2019-01-25,17.43,18.14,14.37,17.69,0.0
2019-01-28,17.69,19.28,14.59,18.9,0.0
2019-01-29,18.9,19.8,18.04,18.43,0.0
2019-01-30,18.43,18.43,15.98,17.85,0.0
2019-01-31,17.85,17.85,16.45,17.12,0.0
2019-02-01,17.12,17.18,15.55,15.72,0.0
2019-02-04,15.72,16.45,14.97,15.72,0.0
2019-02-05,15.72,15.98,14.61,15.78,0.0
2019-02-06,15.78,15.97,12.83,15.63,0.0
2019-02-07,15.63,16.22,13.6,15.44,0.0
2019-02-08,15.44,15.82,12.97,15.57,0.0
2019-02-11,15.57,16.36,13.46,15.84,0.0
2019-02-12,15.84,15.98,13.23,15.75,0.0
2019-02-13,15.75,15.9,11.81,15.73,0.0
2019-02-14,15.73,16.58,12.09,15.77,0.0
2019-02-15,15.77,17.54,12.45,16.46,0.0
2019-02-18,16.46,18.19,11.85,18.0,0.0
2019-02-19,18.0,18.61,15.26,18.47,0.0
2019-02-20,18.47,18.47,15.24,17.06,0.0
2019-02-21,17.06,17.17,12.13,16.05,0.0
2019-02-22,16.05,16.05,12.32,15.45,0.0
2019-02-25,15.45,16.04,11.7,15.36,0.0
2019-02-26,15.36,18.1,13.12,17.12,0.0
2019-02-27,17.11,19.98,14.13,18.9,0.0
2019-02-28,18.9,18.9,17.07,18.28,0.0
2019-03-01,18.28,18.28,15.9,16.28,0.0
2019-03-05,16.27,16.86,15.45,15.66,0.0
2019-03-06,15.66,15.74,14.29,15.61,0.0
2019-03-07,15.61,15.69,14.31,15.29,0.0
2019-03-08,15.29,15.41,12.92,14.94,0.0
2019-03-11,14.94,15.38,13.67,14.9,0.0
2019-03-12,14.9,15.2,13.84,15.1,0.0
2019-03-13,15.1,15.6,12.3,15.28,0.0
2019-03-14,15.28,15.52,13.76,15.15,0.0
2019-03-15,15.15,16.39,11.85,15.87,0.0
2019-03-18,15.87,17.19,14.27,16.9,0.0
2019-03-19,16.9,17.18,14.55,16.49,0.0
2019-03-20,16.49,16.49,14.49,16.03,0.0
2019-03-22,16.03,16.81,12.68,16.28,0.0
2019-03-25,16.27,17.03,14.26,16.67,0.0
2019-03-26,16.67,16.67,15.52,16.49,0.0
2019-03-27,16.49,17.42,14.55,17.05,0.0
2019-03-28,17.05,17.33,15.75,16.65,0.0
2019-03-29,16.65,17.43,16.24,17.19,0.0
2019-04-01,17.18,18.22,17.18,18.01,0.0
2019-04-02,18.01,18.55,17.44,18.08,0.0
2019-04-03,18.08,18.88,17.29,18.78,0.0
2019-04-04,18.78,19.33,18.25,18.65,0.0
2019-04-05,18.65,19.08,16.76,18.39,0.0
2019-04-08,18.39,20.46,18.39,20.15,0.0
2019-04-09,20.15,20.66,16.55,20.28,0.0
2019-04-10,20.28,21.28,18.7,21.13,0.0
2019-04-11,21.13,21.34,19.41,20.96,0.0
2019-04-12,20.96,21.3,18.68,21.0,0.0
2019-04-15,21.0,22.24,18.76,21.39,0.0
2019-04-16,21.39,21.89,19.67,21.69,0.0
2019-04-18,21.69,23.05,18.5,22.74,0.0
2019-04-22,22.74,24.56,20.41,24.05,0.0
2019-04-23,24.05,26.32,22.78,24.65,0.0
2019-04-24,24.65,25.13,23.45,23.71,0.0
2019-04-25,23.71,25.54,22.73,23.23,0.0
2019-04-26,23.23,23.96,21.43,21.72,0.0
2019-04-30,21.72,22.78,20.76,21.83,0.0
2019-05-02,21.83,23.27,21.77,22.98,0.0
2019-05-03,22.98,24.15,21.1,24.03,0.0
2019-05-06,24.03,27.84,19.74,26.43,0.0
2019-05-07,26.43,26.81,23.09,26.48,0.0
2019-05-08,26.48,27.03,23.25,26.37,0.0
2019-05-09,26.37,26.5,23.49,25.49,0.0
2019-05-10,25.49,26.53,24.54,26.34,0.0
2019-05-13,26.34,28.06,23.71,27.38,0.0
2019-05-14,27.38,27.76,22.39,27.13,0.0
2019-05-15,27.13,29.08,23.18,28.66,0.0
2019-05-16,28.66,29.33,23.78,28.37,0.0
2019-05-17,28.37,29.23,25.5,28.08,0.0
2019-05-20,28.08,28.08,19.76,23.68,0.0
2019-05-21,23.68,28.1,20.24,25.65,0.0
2019-05-22,25.65,30.18,19.04,27.63,0.0
2019-05-23,27.63,27.63,18.96,19.41,0.0
2019-05-24,19.41,19.41,14.49,16.47,0.0
2019-05-27,16.47,17.34,13.48,16.19,0.0
2019-05-28,16.19,16.54,15.38,15.92,0.0
2019-05-29,15.92,16.51,14.48,16.41,0.0
2019-05-30,16.41,16.41,14.85,15.61,0.0
2019-05-31,15.61,16.79,14.19,16.07,0.0
2019-06-03,16.07,16.23,14.08,15.97,0.0
2019-06-04,15.97,15.97,14.67,15.63,0.0
2019-06-06,15.63,15.93,13.98,15.53,0.0
2019-06-07,15.53,15.73,13.63,14.86,0.0
2019-06-10,14.86,15.45,13.45,14.98,0.0
2019-06-11,14.98,14.98,13.48,14.49,0.0
2019-06-12,14.49,14.71,13.31,14.12,0.0
2019-06-13,14.12,14.29,13.28,13.66,0.0
2019-06-14,13.66,14.12,12.64,13.9,0.0
2019-06-17,13.9,14.96,13.52,14.65,0.0
2019-06-18,14.65,14.97,11.74,14.6,0.0
2019-06-19,14.6,15.3,10.79,14.73,0.0
2019-06-20,14.73,15.19,12.84,14.0,0.0
2019-06-21,14.0,14.83,10.6,14.61,0.0
2019-06-24,14.61,15.67,11.86,15.22,0.0
2019-06-25,15.22,15.59,14.93,15.01,0.0
2019-06-26,15.01,15.2,14.39,14.75,0.0
2019-06-27,14.75,14.89,13.65,14.65,0.0
2019-06-28,14.65,15.07,14.0,14.95,0.0
2019-07-01,14.95,15.02,14.47,14.6,0.0
2019-07-03,14.25,14.32,13.52,13.7,0.0
2019-07-04,13.7,13.7,13.01,13.53,0.0
2019-07-05,13.53,13.97,12.67,13.07,0.0
2019-07-08,13.07,14.04,12.11,13.85,0.0
2019-07-09,13.85,14.22,13.35,13.69,0.0
2019-07-10,13.69,13.96,12.4,13.64,0.0
2019-07-11,13.64,13.64,12.18,12.47,0.0
2019-07-12,12.47,12.55,11.55,12.0,0.0
2019-07-15,12.0,12.52,10.64,12.02,0.0
2019-07-16,12.02,12.02,11.06,11.56,0.0
2019-07-17,11.56,11.91,9.16,11.8,0.0
2019-07-18,11.8,11.98,9.22,11.75,0.0
2019-07-19,11.75,12.68,10.59,12.52,0.0
2019-07-22,12.52,13.4,11.56,13.01,0.0
2019-07-23,13.01,13.78,11.59,13.43,0.0
2019-07-24,13.43,14.48,11.85,12.76,0.0
2019-07-25,12.76,13.55,12.0,12.64,0.0
2019-07-26,12.64,13.31,11.92,12.13,0.0
2019-07-29,12.13,13.53,12.04,13.06,0.0
2019-07-30,13.06,13.87,12.5,13.61,0.0
2019-07-31,13.61,14.55,13.42,13.59,0.0
2019-08-01,13.59,15.28,13.27,14.56,0.0
2019-08-02,14.56,16.16,14.44,15.19,0.0
2019-08-05,15.19,17.82,15.19,16.59,0.0
2019-08-06,16.59,16.79,15.59,16.12,0.0
2019-08-07,16.12,16.91,15.74,16.74,0.0
2019-08-08,16.74,16.74,15.52,16.09,0.0
2019-08-09,16.09,16.16,15.03,15.85,0.0
2019-08-13,15.85,18.01,15.12,17.78,0.0
2019-08-14,17.78,17.78,16.11,16.36,0.0
2019-08-16,16.36,17.43,15.99,16.65,0.0
2019-08-19,16.65,17.02,14.71,16.75,0.0
2019-08-20,16.75,17.1,15.11,16.63,0.0
2019-08-21,16.63,17.33,14.0,17.02,0.0
2019-08-22,17.02,18.12,14.49,17.85,0.0
2019-08-23,17.85,18.26,13.7,17.35,0.0
2019-08-26,17.35,19.15,13.7,16.66,0.0
2019-08-27,16.66,16.83,14.42,16.01,0.0
2019-08-28,16.01,17.38,14.12,16.84,0.0
2019-08-29,16.84,17.45,13.87,16.43,0.0
2019-08-30,16.43,17.38,15.19,16.28,0.0
2019-09-03,16.28,18.27,16.28,18.06,0.0
2019-09-04,18.06,18.31,17.13,17.24,0.0
2019-09-05,17.24,17.7,16.06,17.27,0.0
2019-09-06,17.27,17.27,15.89,16.28,0.0
2019-09-09,16.27,16.64,13.67,15.85,0.0
2019-09-11,15.85,15.85,14.65,15.37,0.0
2019-09-12,15.37,15.37,14.61,14.9,0.0
2019-09-13,14.9,15.2,13.89,14.12,0.0
2019-09-16,14.12,15.31,14.12,14.95,0.0
2019-09-17,14.95,16.31,13.28,16.02,0.0
2019-09-18,16.02,16.19,13.91,15.35,0.0
2019-09-19,15.35,15.97,14.18,15.55,0.0
2019-09-20,15.55,17.05,13.83,15.4,0.0
2019-09-23,15.4,17.64,14.21,16.79,0.0
2019-09-24,16.79,18.53,15.9,16.73,0.0
2019-09-25,16.73,17.42,14.1,16.17,0.0
2019-09-26,16.17,17.01,13.64,16.34,0.0
2019-09-27,16.34,16.82,15.93,16.12,0.0
2019-09-30,16.11,16.51,15.8,15.87,0.0
2019-10-01,15.87,18.22,14.95,16.76,0.0
2019-10-03,16.76,18.05,16.42,17.7,0.0
2019-10-04,17.7,17.95,16.35,17.58,0.0
2019-10-07,17.58,18.43,16.99,17.83,0.0
2019-10-09,17.83,18.33,16.34,17.16,0.0
2019-10-10,17.16,17.54,15.73,17.23,0.0
2019-10-11,17.23,18.28,15.78,17.14,0.0
2019-10-14,17.14,17.96,17.06,17.43,0.0
2019-10-15,17.43,17.43,16.69,16.85,0.0
2019-10-16,16.85,16.95,15.5,16.36,0.0
2019-10-17,16.36,16.36,15.52,15.88,0.0
2019-10-18,15.88,16.15,14.99,15.93,0.0
2019-10-22,15.93,17.12,13.57,16.81,0.0
2019-10-23,16.81,16.85,14.83,16.54,0.0
2019-10-24,16.54,16.78,14.71,16.24,0.0
2019-10-25,16.24,16.24,15.2,15.32,0.0
2019-10-29,15.59,16.55,15.5,16.42,0.0
2019-10-30,16.42,16.85,16.25,16.66,0.0
2019-10-31,16.66,16.8,15.5,16.28,0.0
2019-11-01,16.28,16.47,15.17,15.73,0.0
2019-11-04,15.73,16.36,13.5,15.93,0.0
2019-11-05,15.93,16.34,13.51,15.92,0.0
2019-11-06,15.92,16.15,13.38,15.78,0.0
2019-11-07,15.78,15.92,13.53,15.21,0.0
2019-11-08,15.21,15.99,13.71,15.86,0.0
2019-11-11,15.86,16.77,15.2,16.25,0.0
2019-11-13,16.25,16.67,14.47,16.46,0.0
2019-11-14,16.46,16.46,14.09,15.65,0.0
2019-11-15,15.65,15.65,12.52,15.03,0.0
2019-11-18,15.03,16.07,12.67,15.76,0.0
2019-11-19,15.76,15.76,12.61,15.41,0.0
2019-11-20,15.41,15.41,11.61,15.16,0.0
2019-11-21,15.16,15.6,12.61,14.98,0.0
2019-11-22,14.98,15.88,12.24,14.87,0.0
2019-11-25,14.87,15.21,13.0,15.0,0.0
2019-11-26,15.0,15.13,13.11,14.84,0.0
2019-11-27,14.84,14.84,12.36,14.62,0.0
2019-11-28,14.62,14.62,12.89,13.99,0.0
2019-11-29,13.99,14.29,13.14,13.9,0.0
2019-12-02,13.9,15.85,13.5,14.2,0.0
2019-12-03,14.2,16.34,12.07,14.56,0.0
2019-12-04,14.56,15.87,12.26,13.32,0.0
2019-12-05,13.32,15.12,12.83,14.31,0.0
2019-12-06,14.31,14.72,11.41,13.64,0.0
2019-12-09,13.64,15.36,12.47,14.6,0.0
2019-12-10,14.6,15.66,11.74,14.29,0.0
2019-12-11,14.29,14.45,11.71,13.38,0.0
2019-12-12,13.38,13.77,11.83,13.35,0.0
2019-12-13,13.35,14.67,12.19,13.3,0.0
2019-12-16,13.3,14.11,12.5,13.42,0.0
2019-12-17,13.42,13.43,11.96,12.52,0.0
2019-12-18,12.52,12.72,11.39,12.34,0.0
2019-12-19,12.34,12.42,11.33,12.12,0.0
2019-12-20,12.12,12.73,11.9,12.33,0.0
2019-12-23,12.33,14.51,10.7,11.96,0.0
2019-12-24,11.96,13.31,10.89,11.63,0.0
2019-12-26,11.63,12.35,10.84,11.12,0.0
2019-12-27,11.12,11.47,10.43,10.53,0.0
2019-12-30,10.53,11.45,9.62,11.01,0.0
2019-12-31,11.01,11.79,10.44,11.67,0.0
2020-01-01,11.67,11.73,11.09,11.6,0.0
2020-01-02,11.6,11.7,10.73,11.49,0.0
2020-01-03,11.49,12.94,10.69,12.7,0.0
2020-01-06,12.7,15.1,12.7,14.78,0.0
2020-01-07,14.78,14.91,14.46,14.61,0.0
2020-01-08,14.61,16.39,13.79,15.64,0.0
2020-01-09,15.64,15.64,13.0,14.0,0.0
2020-01-10,14.0,14.25,13.18,14.08,0.0
2020-01-13,14.08,14.5,13.58,14.28,0.0
2020-01-14,14.28,14.28,13.06,13.91,0.0
2020-01-15,13.91,14.46,13.59,14.12,0.0
2020-01-16,14.12,14.37,12.6,14.18,0.0
2020-01-17,14.18,14.53,12.5,14.13,0.0
2020-01-20,14.13,15.5,12.47,15.41,0.0
2020-01-21,15.41,16.04,15.07,15.86,0.0
2020-01-22,15.86,16.61,15.36,16.36,0.0
2020-01-23,16.36,16.71,15.78,15.86,0.0
2020-01-24,15.86,16.22,14.59,15.56,0.0
2020-01-27,15.56,17.34,14.68,17.18,0.0
2020-01-28,17.18,17.61,16.96,17.3,0.0
2020-01-29,17.3,17.3,15.65,16.5,0.0
2020-01-30,16.5,17.14,15.38,16.8,0.0
2020-01-31,16.8,17.59,14.9,17.37,0.0
2020-02-03,16.84,17.03,15.48,15.78,0.0
2020-02-04,15.78,15.78,14.31,14.38,0.0
2020-02-05,14.38,14.53,13.82,14.17,0.0
2020-02-06,14.17,14.24,12.65,13.78,0.0
2020-02-07,13.78,13.99,12.98,13.75,0.0
2020-02-10,13.75,14.6,12.97,14.21,0.0
2020-02-11,14.21,14.21,11.38,13.88,0.0
2020-02-12,13.88,13.88,13.15,13.62,0.0
2020-02-13,13.62,13.67,11.8,13.37,0.0
2020-02-14,13.37,13.99,11.9,13.62,0.0
2020-02-17,13.62,14.62,13.38,14.42,0.0
2020-02-18,14.42,14.82,11.38,14.51,0.0
2020-02-19,14.51,14.51,13.48,14.02,0.0
2020-02-20,14.02,14.03,10.16,13.7,0.0
2020-02-24,13.7,17.38,12.3,17.0,0.0
2020-02-25,17.0,17.32,15.62,16.9,0.0
2020-02-26,16.9,18.86,16.5,18.26,0.0
2020-02-27,18.26,19.16,16.83,17.77,0.0
2020-02-28,17.77,23.7,17.48,23.24,0.0
2020-03-02,23.24,26.34,19.92,25.2,0.0
2020-03-03,25.2,26.49,21.54,24.54,0.0
2020-03-04,24.54,26.29,22.43,24.23,0.0
2020-03-05,24.23,24.23,22.13,23.25,0.0
2020-03-06,23.25,27.55,23.25,25.64,0.0
2020-03-09,25.64,34.35,21.43,30.8,0.0
2020-03-11,30.8,33.24,29.65,31.56,0.0
2020-03-12,31.56,42.33,29.81,41.16,0.0
2020-03-13,41.16,59.48,41.16,51.47,0.0
2020-03-16,51.47,59.87,51.47,58.88,0.0
2020-03-17,58.88,63.44,57.25,62.93,0.0
2020-03-18,62.93,64.58,61.15,63.96,0.0
2020-03-19,63.96,73.34,63.1,72.2,0.0
2020-03-20,72.2,72.97,65.38,67.1,0.0
2020-03-23,67.1,73.37,66.32,71.99,0.0
2020-03-24,71.99,86.64,71.99,83.61,0.0
2020-03-25,83.61,84.6,75.97,77.63,0.0
2020-03-26,77.63,79.41,70.68,71.53,0.0
2020-03-27,71.53,73.03,65.63,70.39,0.0
2020-03-30,70.39,73.36,70.28,71.89,0.0
2020-03-31,71.89,71.89,63.61,64.41,0.0
2020-04-01,64.41,64.41,59.78,60.05,0.0
2020-04-03,60.05,60.59,54.9,55.3,0.0
2020-04-07,55.3,55.3,49.94,51.8,0.0
2020-04-08,51.8,53.73,46.98,52.24,0.0
2020-04-09,52.24,52.24,46.9,49.75,0.0
2020-04-13,49.75,52.49,43.64,51.46,0.0
2020-04-15,51.46,51.46,44.65,49.74,0.0
2020-04-16,49.74,49.74,42.26,46.1,0.0
2020-04-17,46.1,46.1,40.31,42.59,0.0
2020-04-20,42.59,44.04,40.3,43.46,0.0
2020-04-21,43.46,45.96,36.22,45.2,0.0
2020-04-22,45.2,45.43,40.47,42.82,0.0
2020-04-23,42.82,42.82,37.0,39.23,0.0
2020-04-24,39.23,39.95,34.98,39.12,0.0
2020-04-27,39.12,40.17,35.21,38.04,0.0
2020-04-28,38.04,41.91,35.07,35.36,0.0
2020-04-29,35.35,35.35,31.48,33.84,0.0
2020-04-30,33.84,34.25,32.53,33.99,0.0
2020-05-04,33.99,43.92,33.99,43.67,0.0
2020-05-05,43.67,43.87,38.15,43.61,0.0
2020-05-06,43.61,43.63,40.2,41.25,0.0
2020-05-07,41.25,41.72,39.66,39.93,0.0
2020-05-08,39.93,39.93,36.55,38.41,0.0
2020-05-11,38.41,38.49,36.95,38.04,0.0
2020-05-12,38.04,38.81,35.24,38.21,0.0
2020-05-13,38.21,39.05,33.44,38.84,0.0
2020-05-14,38.84,38.84,35.8,38.18,0.0
2020-05-15,38.18,38.46,34.06,38.02,0.0
2020-05-18,38.02,41.25,27.94,40.92,0.0
2020-05-19,40.92,40.92,37.95,39.45,0.0
2020-05-20,39.45,39.45,34.1,35.81,0.0
2020-05-21,35.81,35.81,32.58,32.99,0.0
2020-05-22,32.99,34.36,26.34,32.38,0.0
2020-05-26,32.38,33.21,30.97,31.47,0.0
2020-05-27,31.47,32.02,28.86,31.27,0.0
2020-05-28,31.27,31.27,29.2,30.02,0.0
2020-05-29,30.02,30.57,27.41,30.22,0.0
2020-06-01,30.22,32.17,28.83,30.74,0.0
2020-06-02,30.74,30.92,27.9,30.12,0.0
2020-06-03,30.12,30.4,29.34,30.04,0.0
2020-06-04,30.04,30.27,28.45,29.69,0.0
2020-06-05,29.69,29.69,25.92,28.68,0.0
2020-06-08,28.68,30.15,27.8,29.65,0.0
2020-06-09,29.65,30.34,27.24,30.21,0.0
2020-06-10,30.21,30.21,28.73,29.44,0.0
2020-06-11,29.44,30.42,28.39,29.66,0.0
2020-06-12,29.66,32.88,29.66,30.82,0.0
2020-06-15,30.82,33.78,29.92,32.58,0.0
2020-06-16,32.58,35.31,30.41,32.97,0.0
2020-06-17,32.97,34.02,29.05,33.36,0.0
2020-06-18,33.35,33.42,31.22,31.46,0.0
2020-06-19,31.46,31.91,29.68,29.97,0.0
2020-06-22,29.97,30.98,29.97,30.46,0.0
2020-06-23,30.46,31.15,29.24,29.34,0.0
2020-06-24,29.34,30.53,27.79,29.58,0.0
2020-06-25,29.58,31.29,29.06,29.73,0.0
2020-06-26,29.73,30.07,28.32,28.74,0.0
2020-06-29,28.74,30.45,27.98,28.91,0.0
2020-06-30,28.91,29.63,28.41,29.12,0.0
2020-07-01,29.12,29.16,27.94,28.12,0.0
2020-07-02,28.12,28.12,26.32,26.51,0.0
2020-07-03,26.51,26.78,25.63,25.77,0.0
2020-07-06,25.77,26.18,24.54,25.2,0.0
2020-07-07,25.2,25.65,24.24,25.1,0.0
2020-07-08,25.1,26.36,25.03,26.1,0.0
2020-07-09,26.1,27.66,24.74,24.91,0.0
2020-07-10,24.91,25.48,23.49,24.94,0.0
2020-07-13,24.94,25.91,22.81,25.25,0.0
2020-07-14,25.25,27.27,25.25,26.64,0.0
2020-07-15,26.64,26.64,23.74,26.29,0.0
2020-07-16,26.29,26.6,25.25,25.36,0.0
2020-07-17,25.36,25.5,23.77,24.16,0.0
2020-07-20,24.16,25.12,24.16,24.71,0.0
2020-07-21,24.71,24.71,23.73,24.43,0.0
2020-07-22,24.43,25.8,23.73,24.89,0.0
2020-07-23,24.89,24.94,24.01,24.64,0.0
2020-07-24,24.64,25.3,22.74,24.54,0.0
2020-07-27,24.54,25.72,23.29,25.02,0.0
2020-07-28,25.02,25.22,23.55,23.64,0.0
2020-07-29,23.64,24.5,23.64,24.11,0.0
2020-07-30,24.11,25.14,22.09,24.73,0.0
2020-07-31,24.73,25.37,23.97,24.19,0.0
2020-08-03,24.19,25.69,23.26,25.19,0.0
2020-08-04,25.19,25.19,23.56,23.82,0.0
2020-08-05,23.82,23.93,21.83,23.57,0.0
2020-08-06,23.57,23.71,22.53,23.15,0.0
2020-08-07,23.15,23.31,21.76,22.58,0.0
2020-08-10,22.58,23.02,21.45,22.51,0.0
2020-08-11,22.51,22.51,20.22,21.36,0.0
2020-08-12,21.36,21.92,16.85,20.85,0.0
2020-08-13,20.85,21.19,19.46,20.57,0.0
2020-08-14,20.57,22.97,16.34,21.67,0.0
2020-08-17,21.67,22.88,19.56,21.31,0.0
2020-08-18,21.31,21.31,18.25,20.43,0.0
2020-08-19,20.43,20.43,17.84,19.96,0.0
2020-08-20,19.96,21.08,17.66,20.62,0.0
2020-08-21,20.62,20.62,14.89,19.94,0.0
2020-08-24,19.94,20.07,17.89,19.23,0.0
2020-08-25,19.23,19.81,15.42,19.32,0.0
2020-08-26,19.32,19.59,17.22,19.3,0.0
2020-08-27,19.3,19.47,17.45,18.9,0.0
2020-08-28,18.9,18.9,16.66,18.35,0.0
2020-08-31,18.35,23.87,16.4,22.84,0.0
2020-09-01,22.84,23.24,21.11,21.8,0.0
2020-09-02,21.8,22.5,19.85,21.11,0.0
2020-09-03,21.11,21.11,18.16,20.5,0.0
2020-09-04,20.5,22.65,19.86,22.15,0.0
2020-09-07,22.15,23.25,17.25,22.01,0.0
2020-09-08,22.01,23.07,17.57,22.72,0.0
2020-09-09,22.72,23.27,20.2,22.23,0.0
2020-09-10,22.23,22.23,17.7,21.26,0.0
2020-09-11,21.26,21.35,18.17,20.71,0.0
2020-09-14,20.71,21.74,17.53,21.19,0.0
2020-09-15,21.19,21.19,18.9,20.6,0.0
2020-09-16,20.6,20.6,16.33,19.66,0.0
2020-09-17,19.66,20.68,17.55,20.1,0.0
2020-09-18,20.1,20.77,17.58,20.05,0.0
2020-09-21,20.05,22.99,18.27,22.19,0.0
2020-09-22,22.19,23.28,15.76,21.41,0.0
2020-09-23,21.41,22.48,19.37,20.99,0.0
2020-09-24,20.99,23.82,20.93,23.51,0.0
2020-09-25,23.51,23.51,18.67,20.68,0.0
2020-09-28,20.68,21.1,19.35,19.57,0.0
2020-09-29,19.57,20.2,18.43,19.78,0.0
2020-09-30,19.77,20.22,17.68,19.53,0.0
2020-10-01,19.53,19.53,17.38,18.35,0.0
2020-10-05,18.35,20.02,18.35,19.71,0.0
2020-10-06,19.7,19.89,18.36,19.64,0.0
2020-10-07,19.64,20.34,19.07,20.06,0.0
2020-10-08,20.06,20.86,18.98,20.38,0.0
2020-10-09,20.38,21.01,17.51,20.38,0.0
2020-10-12,20.38,22.1,19.39,21.13,0.0
2020-10-13,21.13,21.65,20.53,20.72,0.0
2020-10-14,20.72,20.96,18.43,20.21,0.0
2020-10-15,20.21,22.28,19.04,22.06,0.0
2020-10-16,22.06,22.42,20.49,21.65,0.0
2020-10-19,21.65,22.32,15.47,21.82,0.0
2020-10-20,21.82,22.79,18.79,22.69,0.0
2020-10-21,22.69,23.55,18.38,22.92,0.0
2020-10-22,22.92,23.52,17.44,22.64,0.0
2020-10-23,22.64,22.78,19.83,21.83,0.0
2020-10-26,21.83,23.41,21.32,22.83,0.0
2020-10-27,22.83,23.17,22.12,22.2,0.0
2020-10-28,22.2,23.47,20.08,23.28,0.0
2020-10-29,23.28,24.36,22.28,24.02,0.0
2020-10-30,24.02,26.3,21.73,24.75,0.0
2020-11-02,24.75,25.92,24.22,25.21,0.0
2020-11-03,25.21,25.33,22.92,24.24,0.0
2020-11-04,24.24,24.24,20.67,23.2,0.0
2020-11-05,23.2,23.2,19.99,20.97,0.0
2020-11-06,20.97,20.97,19.28,20.5,0.0
2020-11-09,20.5,21.05,17.58,20.11,0.0
2020-11-10,20.11,21.85,19.9,21.58,0.0
2020-11-11,21.58,22.38,19.0,22.03,0.0
2020-11-12,22.03,22.03,19.79,20.62,0.0
2020-11-13,20.62,29.53,19.56,19.7,0.0
2020-11-17,19.13,20.41,18.4,19.8,0.0
2020-11-18,19.8,19.8,15.72,19.12,0.0
2020-11-19,19.12,19.98,16.33,19.57,0.0
2020-11-20,19.57,19.81,17.0,19.62,0.0
2020-11-23,19.62,20.86,16.91,20.8,0.0
2020-11-24,20.8,22.0,20.02,21.06,0.0
2020-11-25,21.06,23.5,20.68,23.13,0.0
2020-11-26,23.13,23.13,19.44,20.02,0.0
2020-11-27,20.02,21.28,17.63,19.82,0.0
2020-12-01,19.82,21.24,19.25,20.18,0.0
2020-12-02,20.18,20.55,17.96,19.91,0.0
2020-12-03,19.91,19.91,17.72,19.0,0.0
2020-12-04,19.0,19.04,16.53,18.03,0.0
2020-12-07,18.03,18.32,16.95,18.03,0.0
2020-12-08,18.02,18.8,16.27,18.62,0.0
2020-12-09,18.62,19.63,16.22,18.92,0.0
2020-12-10,18.92,19.39,17.42,18.71,0.0
2020-12-11,18.71,19.29,17.36,18.79,0.0
2020-12-14,18.79,19.64,15.33,19.4,0.0
2020-12-15,19.4,19.83,15.69,19.35,0.0
2020-12-16,19.35,19.4,18.61,19.2,0.0
2020-12-17,19.2,21.62,14.05,19.16,0.0
2020-12-18,19.16,19.49,14.56,18.62,0.0
2020-12-21,18.62,23.68,18.62,23.19,0.0
2020-12-22,23.19,24.48,16.59,21.99,0.0
2020-12-23,21.99,22.08,19.4,20.5,0.0
2020-12-24,20.5,20.95,15.65,19.97,0.0
2020-12-28,19.97,21.02,18.6,20.43,0.0
2020-12-29,20.43,21.21,17.63,20.79,0.0
2020-12-30,20.79,21.59,20.79,21.11,0.0
2020-12-31,21.11,21.51,19.19,21.1,0.0
2021-01-01,21.1,21.33,19.26,19.56,0.0
2021-01-04,19.56,21.03,19.34,20.03,0.0
2021-01-05,20.03,21.01,20.03,20.46,0.0
2021-01-06,20.46,21.63,20.43,21.0,0.0
2021-01-07,21.0,21.0,20.14,20.62,0.0
2021-01-08,20.62,20.85,17.38,20.64,0.0
2021-01-11,20.64,22.75,20.64,22.38,0.0
2021-01-12,22.38,23.26,22.29,22.85,0.0
2021-01-13,22.85,24.05,22.37,23.29,0.0
2021-01-14,23.29,23.7,22.81,23.03,0.0
2021-01-15,23.03,24.68,23.03,24.01,0.0
2021-01-18,24.01,25.41,23.57,24.4,0.0
2021-01-19,24.4,24.4,20.36,22.9,0.0
2021-01-20,22.9,23.19,19.33,21.55,0.0
2021-01-21,21.55,22.78,18.62,22.18,0.0
2021-01-22,22.18,23.04,18.73,22.42,0.0
2021-01-25,22.42,23.81,20.34,23.25,0.0
2021-01-27,23.25,24.75,20.83,24.39,0.0
2021-01-28,24.39,25.3,23.44,24.29,0.0
2021-01-29,24.29,25.99,22.08,25.34,0.0
2021-02-01,25.34,25.93,22.6,23.32,0.0
2021-02-02,23.32,23.61,21.0,23.35,0.0
2021-02-03,23.35,24.2,20.95,23.75,0.0
2021-02-04,23.75,23.93,22.09,23.12,0.0
2021-02-05,23.12,23.94,20.08,23.42,0.0
2021-02-08,23.42,24.35,22.18,23.96,0.0
2021-02-09,23.96,24.47,21.43,24.27,0.0
2021-02-10,24.27,24.96,20.91,23.95,0.0
2021-02-11,23.95,24.22,21.02,23.05,0.0
2021-02-12,23.04,23.06,20.89,22.04,0.0
2021-02-15,22.04,22.39,20.82,21.48,0.0
2021-02-16,21.48,22.12,20.54,21.78,0.0
2021-02-17,21.78,21.88,21.1,21.51,0.0
2021-02-18,21.51,22.09,19.96,21.54,0.0
2021-02-19,21.54,22.87,19.35,22.25,0.0
2021-02-22,22.25,25.82,20.02,25.47,0.0
2021-02-23,25.47,25.64,23.86,25.23,0.0
2021-02-24,25.23,25.23,23.48,24.17,0.0
2021-02-25,24.17,24.17,22.63,22.89,0.0
2021-02-26,22.89,29.65,22.89,28.14,0.0
2021-03-01,28.14,28.14,24.95,25.63,0.0
2021-03-02,25.63,25.63,23.21,23.61,0.0
2021-03-03,23.61,23.61,21.82,22.09,0.0
2021-03-04,22.09,24.58,22.09,24.15,0.0
2021-03-05,24.15,26.41,22.86,25.56,0.0
2021-03-08,25.56,25.65,21.2,24.68,0.0
2021-03-09,24.68,24.68,21.44,22.5,0.0
2021-03-10,22.5,22.5,19.32,20.75,0.0
2021-03-12,20.75,22.67,18.54,21.71,0.0
2021-03-15,21.71,22.93,21.0,21.23,0.0
2021-03-16,21.23,21.23,18.06,20.19,0.0
2021-03-17,20.19,20.42,18.62,20.16,0.0
2021-03-18,20.16,20.95,16.68,20.08,0.0
2021-03-19,20.08,21.87,18.73,19.99,0.0
2021-03-22,19.99,21.23,18.97,20.49,0.0
2021-03-23,20.49,22.14,20.49,20.67,0.0
2021-03-24,20.67,22.69,19.75,22.46,0.0
2021-03-25,22.46,23.31,21.12,22.7,0.0
2021-03-26,22.7,22.92,18.23,20.65,0.0
2021-03-30,20.65,20.65,19.57,20.49,0.0
2021-03-31,20.49,20.83,20.0,20.65,0.0
2021-04-01,20.65,20.68,19.73,19.99,0.0
2021-04-05,19.99,23.31,19.99,21.22,0.0
2021-04-06,21.22,22.24,19.81,20.84,0.0
2021-04-07,20.84,21.3,19.43,20.25,0.0
2021-04-08,20.25,20.59,19.17,20.31,0.0
2021-04-09,20.31,20.97,19.68,19.79,0.0
2021-04-12,19.79,23.3,19.79,23.0,0.0
2021-04-13,23.0,23.0,20.3,20.46,0.0
2021-04-15,20.46,21.55,18.25,20.89,0.0
2021-04-16,20.89,21.09,19.48,20.4,0.0
2021-04-19,20.4,23.11,19.81,22.49,0.0
2021-04-20,22.49,22.75,21.24,22.43,0.0
2021-04-22,22.43,23.61,22.43,23.03,0.0
2021-04-23,23.03,23.05,20.21,22.69,0.0
2021-04-26,22.69,23.56,22.62,23.5,0.0
2021-04-27,23.5,23.63,22.32,23.08,0.0
2021-04-28,23.08,23.11,20.97,22.58,0.0
2021-04-29,22.58,23.42,22.11,23.31,0.0
2021-04-30,23.31,23.77,22.6,23.03,0.0
2021-05-03,23.03,24.54,21.84,23.69,0.0
2021-05-04,23.69,23.69,22.18,23.01,0.0
2021-05-05,23.01,23.19,21.14,21.96,0.0
2021-05-06,21.96,22.61,20.12,22.04,0.0
2021-05-07,22.04,22.04,20.31,20.82,0.0
2021-05-10,20.82,21.15,20.14,20.23,0.0
2021-05-11,20.23,21.12,19.72,19.83,0.0
2021-05-12,19.83,20.91,18.36,20.08,0.0
2021-05-14,20.08,21.15,18.23,20.27,0.0
2021-05-17,20.27,20.43,18.36,19.61,0.0
2021-05-18,19.61,19.61,18.31,19.24,0.0
2021-05-19,19.24,19.57,17.23,19.32,0.0
2021-05-20,19.32,19.84,18.09,19.65,0.0
2021-05-21,19.65,19.65,17.13,19.08,0.0
2021-05-24,19.08,19.89,18.72,19.13,0.0
2021-05-25,19.13,21.05,17.69,18.84,0.0
2021-05-26,18.84,21.3,17.23,20.87,0.0
2021-05-27,20.87,21.32,18.35,19.91,0.0
2021-05-28,19.91,19.91,17.36,17.4,0.0
2021-05-31,17.4,17.99,16.43,16.89,0.0
2021-06-01,16.89,17.96,15.31,17.39,0.0
2021-06-02,17.39,17.65,15.17,17.21,0.0
2021-06-03,17.21,17.21,14.15,15.75,0.0
2021-06-04,15.75,16.38,14.94,15.94,0.0
2021-06-07,15.94,15.94,14.74,15.57,0.0
2021-06-08,15.57,15.6,13.57,15.23,0.0
2021-06-09,15.23,15.74,11.95,14.75,0.0
2021-06-10,14.75,15.2,14.18,15.0,0.0
2021-06-11,15.0,15.0,13.94,14.1,0.0
2021-06-14,14.1,15.31,13.74,14.72,0.0
2021-06-15,14.72,15.16,13.28,14.61,0.0
2021-06-16,14.61,15.32,13.62,14.87,0.0
2021-06-17,14.87,16.05,14.53,15.29,0.0
2021-06-18,15.29,16.62,10.6,14.8,0.0
2021-06-21,14.8,16.46,14.38,15.06,0.0
2021-06-22,15.06,15.11,14.43,14.74,0.0
2021-06-23,14.74,15.54,13.63,15.37,0.0
2021-06-24,15.37,15.64,14.93,15.1,0.0
2021-06-25,15.1,15.27,13.28,13.37,0.0
2021-06-28,13.37,13.77,13.12,13.4,0.0
2021-06-29,13.4,13.4,12.9,13.0,0.0
2021-06-30,13.0,13.14,12.6,13.05,0.0
2021-07-01,13.05,13.28,12.33,12.84,0.0
2021-07-02,12.84,13.02,12.02,12.09,0.0
2021-07-05,12.09,12.62,11.99,12.07,0.0
2021-07-06,12.07,12.36,11.29,12.28,0.0
2021-07-07,12.28,12.59,11.15,12.21,0.0
2021-07-08,12.21,14.01,12.06,13.56,0.0
2021-07-09,13.56,14.0,12.18,12.94,0.0
2021-07-12,12.94,13.61,11.81,12.99,0.0
2021-07-13,12.99,12.99,10.67,12.62,0.0
2021-07-14,12.62,12.96,10.49,12.59,0.0
2021-07-15,12.59,12.95,11.08,12.27,0.0
2021-07-16,12.27,12.37,11.63,11.71,0.0
2021-07-19,11.71,13.2,11.71,12.68,0.0
2021-07-20,12.68,14.09,11.79,13.21,0.0
2021-07-22,13.21,13.21,11.72,11.89,0.0
2021-07-23,11.89,12.12,11.57,11.76,0.0
2021-07-26,11.76,12.54,10.4,12.45,0.0
2021-07-27,12.45,13.53,12.1,13.23,0.0
2021-07-28,13.23,15.98,11.36,13.69,0.0
2021-07-29,13.69,13.69,12.44,12.95,0.0
2021-07-30,12.95,13.32,12.18,12.8,0.0
2021-08-02,12.8,13.09,11.52,12.81,0.0
2021-08-03,12.81,13.91,11.96,13.75,0.0
2021-08-04,13.75,14.06,12.65,13.21,0.0
2021-08-05,13.21,13.42,11.2,12.87,0.0
2021-08-06,12.87,13.16,11.64,12.61,0.0
2021-08-09,12.61,13.11,12.03,12.61,0.0
2021-08-10,12.61,13.07,9.98,12.71,0.0
2021-08-11,12.71,13.33,10.47,12.71,0.0
2021-08-12,12.71,12.82,11.36,12.37,0.0
2021-08-13,12.37,13.16,11.4,12.99,0.0
2021-08-16,12.99,13.66,11.38,13.46,0.0
2021-08-17,13.46,13.61,12.03,13.41,0.0
2021-08-18,13.41,13.41,11.12,12.91,0.0
2021-08-20,12.91,14.14,12.35,14.02,0.0
2021-08-23,14.02,14.44,12.73,13.69,0.0
2021-08-24,13.69,14.51,13.1,13.19,0.0
2021-08-25,13.19,13.97,12.27,13.5,0.0
2021-08-26,13.5,14.2,12.11,13.54,0.0
2021-08-27,13.54,13.76,12.94,13.41,0.0
2021-08-30,13.41,13.69,12.4,13.32,0.0
2021-08-31,13.32,14.77,12.64,14.52,0.0
2021-09-01,14.52,15.63,13.9,14.19,0.0
2021-09-02,14.19,14.39,13.61,14.24,0.0
2021-09-03,14.24,14.65,13.58,14.54,0.0
2021-09-06,14.54,15.28,14.06,15.11,0.0
2021-09-07,15.11,15.23,14.59,14.9,0.0
2021-09-08,14.9,15.06,12.49,14.41,0.0
2021-09-09,14.41,14.41,13.64,13.94,0.0
2021-09-13,13.94,14.78,11.92,14.03,0.0
2021-09-14,14.03,14.03,10.87,13.58,0.0
2021-09-15,13.58,13.88,12.37,13.73,0.0
2021-09-16,13.73,14.53,9.03,14.41,0.0
2021-09-17,14.41,15.65,12.14,15.23,0.0
2021-09-20,15.23,17.81,10.23,17.49,0.0
2021-09-21,17.49,18.0,13.0,16.52,0.0
2021-09-22,16.52,16.86,13.28,16.49,0.0
2021-09-23,16.49,16.94,10.31,16.6,0.0
2021-09-24,16.6,17.33,12.77,16.92,0.0
2021-09-27,16.92,18.14,13.52,18.05,0.0
2021-09-28,18.05,18.57,15.37,18.54,0.0
2021-09-29,18.54,19.43,16.76,18.84,0.0
2021-09-30,18.84,19.14,17.15,18.4,0.0
2021-10-01,18.4,19.08,17.0,17.21,0.0
2021-10-04,17.21,17.53,15.32,16.74,0.0
2021-10-05,16.74,17.13,16.3,16.4,0.0
2021-10-06,16.4,17.59,16.11,17.33,0.0
2021-10-07,17.33,17.33,14.45,16.16,0.0
2021-10-08,16.16,16.4,15.53,15.65,0.0
2021-10-11,15.65,16.41,12.23,16.09,0.0
2021-10-12,16.09,16.4,13.94,15.85,0.0
2021-10-13,15.85,16.22,13.38,16.1,0.0
2021-10-14,16.1,16.29,12.61,15.77,0.0
2021-10-18,15.77,17.32,14.16,17.19,0.0
2021-10-19,17.18,17.54,14.24,17.38,0.0
2021-10-20,17.38,18.86,15.23,18.31,0.0
2021-10-21,18.31,18.8,14.91,18.04,0.0
2021-10-22,18.04,18.04,14.36,17.55,0.0
2021-10-25,17.55,18.76,14.51,17.61,0.0
2021-10-26,17.61,17.73,16.65,16.75,0.0
2021-10-27,16.75,17.03,15.4,16.83,0.0
2021-10-28,16.83,18.43,16.81,17.91,0.0
2021-10-29,17.91,19.64,16.28,17.43,0.0
2021-11-01,17.43,18.1,15.38,17.24,0.0
2021-11-02,17.24,17.79,16.36,17.06,0.0
2021-11-03,17.06,17.06,15.7,16.13,0.0
2021-11-04,16.13,16.41,14.31,15.75,0.0
2021-11-08,15.75,16.93,13.99,16.34,0.0
2021-11-09,16.34,16.61,14.64,16.0,0.0
2021-11-10,16.0,16.68,15.14,16.31,0.0
2021-11-11,16.31,17.29,14.65,16.35,0.0
2021-11-12,16.35,16.35,14.65,15.22,0.0
2021-11-15,15.22,15.84,13.43,15.47,0.0
2021-11-16,15.47,15.68,13.58,15.2,0.0
2021-11-17,15.2,15.41,13.92,14.98,0.0
2021-11-18,14.98,16.15,12.08,14.86,0.0
2021-11-22,14.86,18.08,13.56,17.52,0.0
2021-11-23,17.52,20.02,16.79,18.02,0.0
2021-11-24,18.02,18.02,15.58,17.1,0.0
2021-11-25,17.1,18.07,16.0,16.66,0.0
2021-11-26,16.66,21.39,16.05,20.8,0.0
2021-11-29,20.8,23.82,18.89,20.83,0.0
2021-11-30,20.83,21.97,18.81,21.17,0.0
2021-12-01,21.17,21.17,18.93,19.45,0.0
2021-12-02,19.45,22.97,18.0,18.09,0.0
2021-12-03,18.09,18.83,17.21,18.46,0.0
2021-12-06,18.45,20.48,18.3,20.08,0.0
2021-12-07,20.08,20.08,18.24,18.46,0.0
2021-12-08,18.46,18.46,16.57,17.27,0.0
2021-12-09,17.27,17.43,15.54,16.6,0.0
2021-12-10,16.6,16.93,15.21,16.06,0.0
2021-12-13,16.06,16.86,14.68,16.57,0.0
2021-12-14,16.57,17.33,13.94,16.95,0.0
2021-12-15,16.95,17.71,15.77,17.22,0.0
2021-12-16,17.22,17.22,15.26,15.9,0.0
2021-12-17,15.9,16.91,13.76,16.34,0.0
2021-12-20,16.34,20.14,16.34,18.97,0.0
2021-12-21,18.97,18.97,16.63,17.54,0.0
2021-12-22,17.54,17.54,15.69,16.58,0.0
2021-12-23,16.58,16.58,15.68,15.83,0.0
2021-12-24,15.83,16.65,15.33,16.15,0.0
2021-12-27,16.15,17.28,15.26,17.12,0.0
2021-12-28,17.12,17.12,15.21,16.48,0.0
2021-12-29,16.48,16.86,15.8,16.24,0.0
2021-12-30,16.24,16.79,15.29,16.57,0.0
2021-12-31,16.57,16.77,15.4,16.22,0.0
2022-01-03,16.22,16.81,15.45,16.45,0.0
2022-01-04,16.45,16.68,15.71,16.12,0.0
2022-01-05,16.12,17.38,15.09,17.23,0.0
2022-01-06,17.23,18.42,16.4,17.98,0.0
2022-01-07,17.98,18.09,16.86,17.6,0.0
2022-01-10,17.6,18.39,15.84,17.68,0.0
2022-01-11,17.68,18.25,16.44,17.76,0.0
2022-01-12,17.76,17.93,16.55,17.18,0.0
2022-01-13,17.18,17.52,16.61,16.71,0.0
2022-01-14,16.7,17.1,15.34,16.56,0.0
2022-01-17,16.56,17.55,16.27,16.77,0.0
2022-01-18,16.77,17.88,16.77,17.78,0.0
2022-01-19,17.78,18.45,15.94,17.82,0.0
2022-01-20,17.82,18.45,17.32,17.79,0.0
2022-01-21,17.79,19.61,16.98,18.89,0.0
2022-01-24,18.89,23.9,18.89,22.83,0.0
2022-01-25,22.83,24.14,21.18,21.36,0.0
2022-01-27,21.36,23.87,20.44,21.07,0.0
2022-01-28,21.07,21.32,20.28,20.7,0.0
2022-01-31,20.7,22.11,20.7,21.95,0.0
2022-02-01,21.95,22.07,19.75,19.98,0.0
2022-02-02,19.98,19.98,18.55,18.65,0.0
2022-02-03,18.65,19.6,17.41,19.16,0.0
2022-02-04,19.16,19.78,18.6,18.9,0.0
2022-02-07,18.9,21.08,18.18,20.44,0.0
2022-02-08,20.44,20.94,19.56,19.69,0.0
2022-02-09,19.68,19.68,17.89,18.56,0.0
2022-02-10,18.56,18.93,16.8,17.71,0.0
2022-02-11,17.71,19.53,16.86,18.68,0.0
2022-02-14,18.68,23.54,18.68,22.98,0.0
2022-02-15,22.98,23.14,20.43,20.61,0.0
2022-02-16,20.61,21.02,19.35,20.59,0.0
2022-02-17,20.59,22.37,19.46,22.01,0.0
2022-02-18,22.01,23.21,21.64,22.17,0.0
2022-02-21,22.17,23.76,20.57,22.9,0.0
2022-02-22,22.9,27.82,22.9,26.66,0.0
2022-02-23,26.66,26.66,23.91,24.54,0.0
2022-02-24,24.54,33.97,24.54,31.98,0.0
2022-02-25,31.98,31.98,26.15,26.74,0.0
2022-02-28,26.74,29.79,26.74,28.57,0.0
2022-03-02,28.57,30.84,28.57,29.23,0.0
2022-03-03,29.23,29.23,27.22,28.16,0.0
2022-03-04,28.16,29.93,27.22,27.96,0.0
2022-03-07,27.96,30.28,27.96,29.33,0.0
2022-03-08,29.33,30.06,27.11,28.59,0.0
2022-03-09,28.59,28.59,27.31,27.47,0.0
2022-03-10,27.47,27.47,22.96,25.58,0.0
2022-03-11,25.58,25.87,24.58,25.35,0.0
2022-03-14,25.35,26.21,25.09,25.68,0.0
2022-03-15,25.68,27.54,23.66,26.73,0.0
2022-03-16,26.73,26.73,24.01,24.12,0.0
2022-03-17,24.12,24.12,20.77,22.61,0.0
2022-03-21,22.61,24.71,22.61,24.62,0.0
2022-03-22,24.62,25.16,23.76,24.07,0.0
2022-03-23,24.07,24.98,20.45,24.75,0.0
2022-03-24,24.75,25.53,23.81,23.93,0.0
2022-03-25,23.93,24.27,22.91,23.43,0.0
2022-03-28,23.43,24.21,19.59,22.61,0.0
2022-03-29,22.61,22.61,21.1,21.3,0.0
2022-03-30,21.3,21.3,19.73,20.61,0.0
2022-03-31,20.61,20.94,20.21,20.56,0.0
2022-04-01,20.56,20.86,18.12,18.44,0.0
2022-04-04,18.43,18.83,17.59,17.91,0.0
2022-04-05,17.91,18.63,16.79,18.49,0.0
2022-04-06,18.49,19.28,16.81,19.02,0.0
2022-04-07,19.02,19.49,17.72,19.0,0.0
2022-04-08,19.0,20.09,17.53,17.69,0.0
2022-04-11,17.69,19.15,16.64,18.27,0.0
2022-04-12,18.27,18.67,15.09,18.16,0.0
2022-04-13,18.16,18.4,16.19,17.79,0.0
2022-04-18,17.79,20.48,17.79,19.34,0.0
2022-04-19,19.34,20.81,14.63,19.78,0.0
2022-04-20,19.77,20.27,17.84,18.67,0.0
2022-04-21,18.67,18.67,13.35,17.85,0.0
2022-04-22,17.85,18.76,17.81,18.35,0.0
2022-04-25,18.35,21.76,18.35,21.26,0.0
2022-04-26,21.26,21.26,19.01,19.19,0.0
2022-04-27,19.19,21.37,19.19,20.61,0.0
2022-04-28,20.61,20.61,19.02,19.38,0.0
2022-04-29,19.38,19.65,18.21,19.42,0.0
2022-05-02,19.42,21.06,19.42,20.28,0.0
2022-05-04,20.28,22.39,18.43,21.88,0.0
2022-05-05,21.88,21.88,19.61,20.29,0.0
2022-05-06,20.29,21.81,19.33,21.25,0.0
2022-05-09,21.25,22.52,18.96,22.03,0.0
2022-05-10,22.03,22.52,21.22,22.3,0.0
2022-05-11,22.3,24.19,20.48,22.8,0.0
2022-05-12,22.8,25.32,21.15,24.27,0.0
2022-05-13,24.27,24.27,20.97,23.49,0.0
2022-05-16,23.49,24.71,21.28,24.53,0.0
2022-05-17,24.53,24.84,17.1,22.74,0.0
2022-05-18,22.74,23.06,21.34,22.3,0.0
2022-05-19,22.3,25.15,22.3,24.56,0.0
2022-05-20,24.56,24.56,22.44,23.1,0.0
2022-05-23,23.1,23.98,20.5,23.4,0.0
2022-05-24,23.4,25.99,23.16,25.64,0.0
2022-05-25,25.64,25.64,24.36,25.28,0.0
2022-05-26,25.28,25.28,22.54,22.72,0.0
2022-05-27,22.72,22.72,21.2,21.48,0.0
2022-05-30,21.48,21.48,19.72,19.98,0.0
2022-05-31,19.98,20.75,19.68,20.48,0.0
2022-06-01,20.48,21.34,18.23,20.85,0.0
2022-06-02,20.85,21.0,18.38,20.32,0.0
2022-06-03,20.32,20.32,18.74,19.98,0.0
2022-06-06,19.98,20.68,18.65,20.2,0.0
2022-06-07,20.2,21.07,19.43,20.43,0.0
2022-06-08,20.43,20.69,19.39,19.84,0.0
2022-06-09,19.84,19.84,18.16,19.14,0.0
2022-06-10,19.14,19.76,18.26,19.58,0.0
2022-06-13,19.58,22.8,19.58,22.37,0.0
2022-06-14,22.37,22.64,18.95,21.89,0.0
2022-06-15,21.89,22.37,20.95,22.15,0.0
2022-06-16,22.15,28.13,19.75,22.87,0.0
2022-06-17,22.87,23.69,18.02,22.76,0.0
2022-06-20,22.76,23.64,16.0,22.41,0.0
2022-06-21,22.41,22.41,20.48,21.14,0.0
2022-06-22,21.14,21.79,19.32,21.3,0.0
2022-06-23,21.3,21.71,18.36,20.88,0.0
2022-06-24,20.88,21.27,18.68,20.55,0.0
2022-06-27,20.55,21.12,19.55,21.01,0.0
2022-06-28,21.01,21.68,20.51,21.45,0.0
2022-06-29,21.45,22.09,21.45,21.9,0.0
2022-06-30,21.9,22.27,21.54,21.84,0.0
2022-07-01,21.84,22.43,21.14,21.25,0.0
2022-07-04,21.25,22.25,20.92,20.97,0.0
2022-07-05,20.97,20.99,20.24,20.79,0.0
2022-07-06,20.79,20.79,19.82,20.27,0.0
2022-07-07,20.27,20.27,19.01,19.2,0.0
2022-07-08,19.2,19.2,18.22,18.4,0.0
2022-07-11,18.4,19.22,16.65,18.37,0.0
2022-07-12,18.37,18.64,17.3,18.55,0.0
2022-07-13,18.55,18.76,17.74,18.52,0.0
2022-07-14,18.52,18.69,17.75,18.34,0.0
2022-07-15,18.34,18.34,17.53,17.6,0.0
2022-07-18,17.6,18.18,16.47,17.16,0.0
2022-07-19,17.16,17.67,16.35,17.2,0.0
2022-07-20,17.2,17.27,15.66,16.82,0.0
2022-07-21,16.82,17.21,15.97,16.86,0.0
2022-07-22,16.86,16.96,16.16,16.65,0.0
2022-07-25,16.65,17.91,16.18,17.68,0.0
2022-07-26,17.68,18.27,17.36,18.17,0.0
2022-07-27,18.17,18.64,17.75,18.13,0.0
2022-07-28,18.13,18.13,16.84,17.01,0.0
2022-07-29,17.01,18.65,16.49,16.55,0.0
2022-08-01,16.55,17.63,15.89,17.49,0.0
2022-08-02,17.49,18.76,17.49,18.53,0.0
2022-08-03,18.53,19.17,17.95,18.45,0.0
2022-08-04,18.45,21.06,17.63,19.26,0.0
2022-08-05,19.26,19.39,18.01,18.92,0.0
2022-08-08,18.92,20.18,17.78,19.3,0.0
2022-08-10,19.3,20.77,18.86,19.59,0.0
2022-08-11,19.59,19.59,18.2,18.36,0.0
2022-08-12,18.36,18.52,17.41,17.61,0.0
2022-08-16,17.61,18.36,17.01,17.69,0.0
2022-08-17,17.68,17.79,16.55,17.68,0.0
2022-08-18,17.68,18.44,16.72,17.35,0.0
2022-08-19,17.35,18.57,16.88,18.29,0.0
2022-08-22,18.29,19.3,17.2,19.04,0.0
2022-08-23,19.04,19.59,18.18,19.05,0.0
2022-08-24,19.05,19.34,17.99,18.43,0.0
2022-08-25,18.43,20.22,17.27,19.57,0.0
2022-08-26,19.57,19.57,15.83,18.22,0.0
2022-08-29,18.22,21.21,18.22,19.82,0.0
2022-08-30,19.82,19.82,17.26,18.7,0.0
2022-09-01,18.7,20.99,18.11,19.87,0.0
2022-09-02,19.87,20.14,17.4,19.55,0.0
2022-09-05,19.55,20.29,19.45,19.66,0.0
2022-09-06,19.66,20.0,18.65,19.53,0.0
2022-09-07,19.52,20.18,18.28,19.37,0.0
2022-09-08,19.37,19.37,17.3,18.31,0.0
2022-09-09,18.31,18.51,16.55,17.72,0.0
2022-09-12,17.72,18.38,16.39,17.94,0.0
2022-09-13,17.94,17.94,16.86,17.47,0.0
2022-09-14,17.47,18.57,17.26,18.28,0.0
2022-09-15,18.28,19.22,16.78,18.39,0.0
2022-09-16,18.39,20.24,18.3,19.82,0.0
2022-09-19,19.82,21.21,16.47,19.94,0.0
2022-09-20,19.94,19.94,18.11,18.8,0.0
2022-09-21,18.8,20.29,18.31,19.33,0.0
2022-09-22,19.33,20.14,17.41,18.82,0.0
2022-09-23,18.82,20.81,17.35,20.59,0.0
2022-09-26,20.59,22.9,18.81,21.89,0.0
2022-09-27,21.89,22.29,20.79,21.57,0.0
2022-09-28,21.57,22.36,21.49,22.1,0.0
2022-09-29,22.1,22.29,21.07,21.3,0.0
2022-09-30,21.3,21.99,19.7,19.97,0.0
2022-10-03,19.97,21.68,19.97,21.37,0.0
2022-10-04,21.37,21.37,19.45,19.57,0.0
2022-10-06,19.57,20.02,18.59,19.32,0.0
2022-10-07,19.32,19.73,18.69,18.81,0.0
2022-10-10,18.81,20.34,18.81,19.62,0.0
2022-10-11,19.62,20.82,19.09,20.49,0.0
2022-10-12,20.49,20.89,19.89,20.18,0.0
2022-10-13,20.18,20.94,18.4,20.29,0.0
2022-10-14,20.29,20.63,18.08,18.26,0.0
2022-10-17,18.26,19.08,18.26,18.42,0.0
2022-10-18,18.42,18.42,16.58,17.45,0.0
2022-10-19,17.45,17.56,16.23,17.49,0.0
2022-10-20,17.49,17.76,15.57,17.23,0.0
2022-10-21,17.23,17.43,16.59,17.28,0.0
2022-10-24,17.28,17.67,17.07,17.42,0.0
2022-10-25,17.42,17.62,16.49,16.88,0.0
2022-10-27,16.88,17.07,14.79,16.6,0.0
2022-10-28,16.6,17.04,15.85,15.92,0.0
2022-10-31,15.92,16.63,15.07,15.8,0.0
2022-11-01,15.8,16.2,15.11,16.13,0.0
2022-11-02,16.13,16.86,14.68,16.66,0.0
2022-11-03,16.66,16.73,14.99,15.94,0.0
2022-11-04,15.94,16.21,15.48,15.66,0.0
2022-11-07,15.66,16.36,15.28,15.59,0.0
2022-11-09,15.59,16.07,15.02,15.92,0.0
2022-11-10,15.92,16.29,15.49,15.57,0.0
2022-11-11,15.57,15.57,14.28,14.41,0.0
2022-11-14,14.41,15.27,12.56,14.91,0.0
2022-11-15,14.91,15.02,13.83,14.64,0.0
2022-11-16,14.64,15.53,13.93,15.1,0.0
2022-11-17,15.1,16.26,13.09,14.88,0.0
2022-11-18,14.88,15.69,13.86,14.39,0.0
2022-11-21,14.39,15.55,13.36,14.8,0.0
2022-11-22,14.8,16.27,13.32,13.84,0.0
2022-11-23,13.84,14.33,11.88,14.04,0.0
2022-11-24,14.04,14.04,13.0,13.48,0.0
2022-11-25,13.48,15.77,12.77,13.33,0.0
2022-11-28,13.33,14.06,12.41,13.57,0.0
2022-11-29,13.57,14.62,12.41,13.62,0.0
2022-11-30,13.62,14.05,12.75,13.81,0.0
2022-12-01,13.81,14.23,12.99,13.36,0.0
2022-12-02,13.36,14.09,12.96,13.45,0.0
2022-12-05,13.45,14.42,13.45,13.73,0.0
2022-12-06,13.73,14.25,12.18,14.04,0.0
2022-12-07,14.04,14.46,13.8,14.08,0.0
2022-12-08,14.08,14.89,13.26,13.4,0.0
2022-12-09,13.4,13.96,11.91,13.48,0.0
2022-12-12,13.48,14.15,12.53,13.32,0.0
2022-12-13,13.32,13.58,11.43,12.88,0.0
2022-12-14,12.88,13.08,11.53,12.89,0.0
2022-12-15,12.89,13.88,12.59,13.73,0.0
2022-12-16,13.73,14.22,12.49,14.07,0.0
2022-12-19,14.07,14.49,13.5,13.55,0.0
2022-12-20,13.55,14.92,13.04,13.78,0.0
2022-12-21,13.78,16.01,12.46,15.56,0.0
2022-12-22,15.56,16.3,14.44,15.19,0.0
2022-12-23,15.19,16.48,14.48,16.16,0.0
2022-12-26,16.16,17.23,14.31,15.93,0.0
2022-12-27,15.93,16.13,14.93,15.29,0.0
2022-12-28,15.29,15.65,15.27,15.4,0.0
2022-12-29,15.4,15.77,14.71,14.81,0.0
2022-12-30,14.81,15.12,14.28,14.87,0.0
2023-01-02,14.87,15.45,14.57,14.69,0.0
2023-01-03,14.69,14.99,14.31,14.39,0.0
2023-01-04,14.39,15.68,14.33,15.2,0.0
2023-01-05,15.2,15.6,14.81,14.98,0.0
2023-01-06,14.98,15.44,14.62,15.03,0.0
2023-01-09,15.03,15.38,14.53,14.65,0.0
2023-01-10,14.65,15.94,14.56,15.51,0.0
2023-01-11,15.51,16.23,15.12,15.44,0.0
2023-01-12,15.44,16.04,14.42,15.28,0.0
2023-01-13,15.28,15.6,14.4,14.46,0.0
2023-01-16,14.46,15.36,14.46,15.02,0.0
2023-01-17,15.02,15.31,13.84,14.59,0.0
2023-01-18,14.59,14.75,12.47,14.37,0.0
2023-01-19,14.37,14.83,13.89,13.96,0.0
2023-01-20,13.96,14.19,11.64,13.79,0.0
2023-01-23,13.79,14.26,13.48,13.62,0.0
2023-01-24,13.62,13.81,13.3,13.66,0.0
2023-01-25,13.66,15.42,13.52,14.66,0.0
2023-01-27,14.66,18.01,14.58,17.32,0.0
2023-01-30,17.32,19.39,17.29,17.71,0.0
2023-01-31,17.71,18.37,16.57,16.88,0.0
2023-02-01,16.88,18.54,14.85,16.78,0.0
2023-02-02,16.78,17.77,15.51,15.73,0.0
2023-02-03,15.73,15.76,14.27,14.4,0.0
2023-02-06,14.4,15.21,14.19,14.69,0.0
2023-02-07,14.69,14.88,13.67,14.13,0.0
2023-02-08,14.13,14.25,13.54,13.6,0.0
2023-02-09,13.6,13.82,12.06,13.04,0.0
2023-02-10,13.04,13.28,12.21,12.75,0.0
2023-02-13,12.75,14.1,11.83,13.68,0.0
2023-02-14,13.68,13.68,12.45,13.45,0.0
2023-02-15,13.45,13.45,11.28,12.86,0.0
2023-02-16,12.86,13.16,10.17,12.89,0.0
2023-02-17,12.89,13.52,10.8,13.09,0.0
2023-02-20,13.09,13.71,10.92,13.38,0.0
2023-02-21,13.38,14.3,13.38,14.01,0.0
2023-02-22,14.01,15.92,12.38,15.59,0.0
2023-02-23,15.59,16.01,14.52,15.08,0.0
2023-02-24,15.08,15.14,14.01,14.19,0.0
2023-02-27,14.19,15.1,13.75,13.88,0.0
2023-02-28,13.88,14.57,13.5,14.02,0.0
2023-03-01,14.02,14.02,12.28,13.0,0.0
2023-03-02,13.0,13.55,11.1,12.97,0.0
2023-03-03,12.97,12.97,11.98,12.18,0.0
2023-03-06,12.18,12.47,11.84,12.27,0.0
2023-03-08,12.27,12.85,11.9,12.45,0.0
2023-03-09,12.45,12.84,11.78,12.73,0.0
2023-03-10,12.73,13.82,12.73,13.41,0.0
2023-03-13,13.41,16.43,13.41,16.22,0.0
2023-03-14,16.22,16.64,15.0,16.22,0.0
2023-03-15,16.22,16.51,14.52,16.3,0.0
2023-03-16,16.3,17.36,13.95,16.22,0.0
2023-03-17,16.22,16.22,14.6,14.77,0.0
2023-03-20,14.77,17.22,14.52,16.01,0.0
2023-03-21,16.01,16.04,14.08,15.08,0.0
2023-03-22,15.08,15.09,14.24,14.81,0.0
2023-03-23,14.81,15.06,13.9,14.49,0.0
2023-03-24,14.49,15.43,14.2,15.24,0.0
2023-03-27,15.24,16.09,15.1,15.45,0.0
2023-03-28,15.45,15.61,14.87,15.1,0.0
2023-03-29,15.1,15.1,13.32,13.63,0.0
2023-03-31,13.63,13.63,12.07,12.94,0.0
2023-04-03,12.94,13.49,12.47,12.59,0.0
2023-04-05,12.59,12.81,12.05,12.41,0.0
2023-04-06,12.41,12.57,11.65,11.8,0.0
2023-04-10,11.8,12.56,11.8,12.27,0.0
2023-04-11,12.27,12.27,11.67,11.98,0.0
2023-04-12,11.98,12.4,11.98,12.27,0.0
2023-04-13,12.27,12.51,11.84,11.91,0.0
2023-04-17,11.91,13.27,11.91,12.27,0.0
2023-04-18,12.27,12.53,11.86,12.08,0.0
2023-04-19,12.08,12.47,11.11,12.15,0.0
2023-04-20,12.15,12.4,11.58,11.94,0.0
2023-04-21,11.94,12.04,11.52,11.63,0.0
2023-04-24,11.63,12.21,11.58,11.67,0.0
2023-04-25,11.67,11.81,11.43,11.52,0.0
2023-04-26,11.52,11.9,11.3,11.65,0.0
2023-04-27,11.65,12.02,10.96,11.43,0.0
2023-04-28,11.43,11.54,10.79,10.95,0.0
2023-05-02,10.95,12.06,10.95,11.9,0.0
2023-05-03,11.9,12.25,11.13,11.84,0.0
2023-05-04,11.84,12.03,11.19,11.73,0.0
2023-05-05,11.73,12.38,11.53,12.3,0.0
2023-05-08,12.3,12.91,11.72,12.64,0.0
2023-05-09,12.64,12.82,11.66,12.68,0.0
2023-05-10,12.68,13.3,11.54,13.08,0.0
2023-05-11,13.08,13.74,12.82,13.22,0.0
2023-05-12,13.22,13.51,12.74,12.85,0.0
2023-05-15,12.85,13.62,12.54,13.17,0.0
2023-05-16,13.17,13.49,11.71,13.29,0.0
2023-05-17,13.29,13.58,11.9,13.11,0.0
2023-05-18,13.11,13.11,11.14,12.8,0.0
2023-05-19,12.8,12.82,11.69,12.3,0.0
2023-05-22,12.3,12.82,11.56,12.57,0.0
2023-05-23,12.57,13.08,12.32,12.61,0.0
2023-05-24,12.61,13.44,12.41,13.11,0.0
2023-05-25,13.11,13.13,8.18,12.52,0.0
2023-05-26,12.52,12.86,11.7,11.9,0.0
2023-05-29,11.9,12.49,8.81,12.3,0.0
2023-05-30,12.3,12.38,11.77,12.01,0.0
2023-05-31,12.01,12.47,11.58,11.97,0.0
2023-06-01,11.97,11.97,11.22,11.6,0.0
2023-06-02,11.6,11.74,10.86,11.13,0.0
2023-06-05,11.13,11.34,10.32,11.14,0.0
2023-06-06,11.14,11.62,10.47,11.38,0.0
2023-06-07,11.38,11.54,9.64,11.44,0.0
2023-06-08,11.44,11.57,10.13,11.26,0.0
2023-06-09,11.26,11.3,10.31,11.12,0.0
2023-06-12,11.12,11.8,10.58,11.25,0.0
2023-06-13,11.25,11.25,9.99,11.11,0.0
2023-06-14,11.11,11.37,10.63,11.16,0.0
2023-06-15,11.16,11.37,9.69,11.08,0.0
2023-06-16,11.08,11.08,10.56,10.84,0.0
2023-06-19,10.84,11.5,10.33,11.23,0.0
2023-06-20,11.23,11.44,10.57,11.13,0.0
2023-06-21,11.13,11.43,10.77,11.29,0.0
2023-06-22,11.29,11.71,10.69,11.55,0.0
2023-06-23,11.55,11.84,11.14,11.24,0.0
2023-06-26,11.24,11.93,11.24,11.4,0.0
2023-06-27,11.4,11.42,10.69,10.78,0.0
2023-06-28,10.78,11.54,10.65,10.89,0.0
2023-06-30,10.89,11.22,10.07,10.8,0.0
2023-07-03,10.8,12.03,10.8,11.54,0.0
2023-07-04,11.54,11.99,11.52,11.7,0.0
2023-07-05,11.7,12.21,11.57,11.88,0.0
2023-07-06,11.88,12.21,11.78,11.84,0.0
2023-07-07,11.84,12.07,11.08,11.53,0.0
2023-07-10,11.53,12.01,11.36,11.46,0.0
2023-07-11,11.46,11.46,10.95,11.01,0.0
2023-07-12,11.01,11.2,10.72,10.94,0.0
2023-07-13,10.94,11.17,10.7,10.94,0.0
2023-07-14,10.94,10.94,10.61,10.68,0.0
2023-07-17,10.68,11.4,9.86,11.32,0.0
2023-07-18,11.32,12.02,11.07,11.71,0.0
2023-07-19,11.71,11.94,11.54,11.6,0.0
2023-07-20,11.6,12.26,11.37,11.79,0.0
2023-07-21,11.79,12.03,11.06,11.49,0.0
2023-07-24,11.49,12.0,10.54,11.65,0.0
2023-07-25,11.65,11.65,10.11,10.24,0.0
2023-07-26,10.24,10.86,10.22,10.46,0.0
2023-07-27,10.46,10.98,9.89,10.51,0.0
2023-07-28,10.51,10.81,10.04,10.14,0.0
2023-07-31,10.14,11.19,10.14,10.41,0.0
2023-08-01,10.41,10.7,10.2,10.28,0.0
2023-08-02,10.28,11.81,9.95,11.28,0.0
2023-08-03,11.28,11.96,10.98,11.19,0.0
2023-08-04,11.19,11.19,10.48,10.57,0.0
2023-08-07,10.57,11.42,10.4,11.1,0.0
2023-08-08,11.1,11.53,11.1,11.33,0.0
2023-08-09,11.33,11.77,10.49,11.14,0.0
2023-08-10,11.14,11.91,10.63,11.4,0.0
2023-08-11,11.4,11.87,11.36,11.52,0.0
2023-08-14,11.52,12.76,10.48,12.0,0.0
2023-08-16,12.0,12.68,12.0,12.13,0.0
2023-08-17,12.13,12.67,12.11,12.24,0.0
2023-08-18,12.24,12.49,10.79,12.14,0.0
2023-08-21,12.14,12.59,11.17,11.96,0.0
2023-08-22,11.96,12.09,11.59,11.75,0.0
2023-08-23,11.75,11.89,10.31,11.73,0.0
2023-08-24,11.73,12.24,10.2,11.7,0.0
2023-08-25,11.7,12.24,9.98,12.08,0.0
2023-08-28,12.08,12.72,9.5,12.4,0.0
2023-08-29,12.4,12.46,10.65,12.23,0.0
2023-08-30,12.23,12.24,11.46,11.8,0.0
2023-08-31,11.8,12.28,11.76,12.06,0.0
2023-09-01,12.06,12.18,10.41,11.37,0.0
2023-09-04,11.37,11.54,10.86,10.96,0.0
2023-09-05,10.96,11.09,9.37,10.82,0.0
2023-09-06,10.82,10.98,9.81,10.68,0.0
2023-09-07,10.68,11.03,9.8,10.87,0.0
2023-09-08,10.87,10.97,10.08,10.78,0.0
2023-09-11,10.78,11.5,10.34,11.35,0.0
2023-09-12,11.35,12.02,10.71,11.69,0.0
2023-09-13,11.69,12.05,11.54,11.83,0.0
2023-09-14,11.83,12.04,11.21,11.32,0.0
2023-09-15,11.32,11.32,10.07,10.9,0.0
2023-09-18,10.9,11.41,10.45,10.84,0.0
2023-09-20,10.84,11.47,10.84,11.13,0.0
2023-09-21,11.13,11.39,10.62,10.82,0.0
2023-09-22,10.82,11.07,10.39,10.66,0.0
2023-09-25,10.66,11.31,10.27,10.9,0.0
2023-09-26,10.9,11.29,9.25,11.19,0.0
2023-09-27,11.19,11.82,9.39,11.59,0.0
2023-09-28,11.59,13.02,9.4,12.82,0.0
2023-09-29,12.82,12.82,11.31,11.45,0.0
2023-10-03,11.45,12.41,10.78,11.79,0.0
2023-10-04,11.79,12.22,11.12,11.66,0.0
2023-10-05,11.66,11.66,10.84,10.94,0.0
2023-10-06,10.94,10.94,9.73,10.3,0.0
2023-10-09,10.3,11.63,10.12,11.4,0.0
2023-10-10,11.4,11.4,10.86,11.27,0.0
2023-10-11,11.27,11.32,10.39,10.99,0.0
2023-10-12,10.99,11.12,10.57,10.62,0.0
2023-10-13,10.62,11.03,10.4,10.62,0.0
2023-10-16,10.62,11.15,9.15,11.07,0.0
2023-10-17,11.07,11.07,10.43,10.7,0.0
2023-10-18,10.7,11.17,10.49,10.97,0.0
2023-10-19,10.97,11.21,10.05,10.9,0.0
2023-10-20,10.9,11.09,10.07,10.82,0.0
2023-10-23,10.82,11.36,8.82,10.91,0.0
2023-10-25,10.91,12.18,9.97,11.31,0.0
2023-10-26,11.31,12.7,11.31,11.73,0.0
2023-10-27,11.73,12.31,10.67,10.91,0.0
2023-10-30,10.91,12.19,10.91,11.49,0.0
2023-10-31,11.49,12.29,11.26,11.83,0.0
2023-11-01,11.83,12.2,11.83,12.05,0.0
2023-11-02,12.05,12.05,10.95,11.08,0.0
2023-11-03,11.08,11.08,10.64,10.88,0.0
2023-11-06,10.88,11.28,10.38,11.11,0.0
2023-11-07,11.11,12.18,11.0,11.19,0.0
2023-11-08,11.19,11.33,10.63,11.04,0.0
2023-11-09,11.04,11.25,10.37,10.98,0.0
2023-11-10,10.98,11.36,9.86,11.11,0.0
2023-11-13,11.35,11.63,10.5,11.19,0.0
2023-11-15,11.19,11.42,8.4,11.14,0.0
2023-11-16,11.14,11.81,10.62,11.65,0.0
2023-11-17,11.65,12.09,10.19,11.83,0.0
2023-11-20,11.83,12.67,11.2,12.15,0.0
2023-11-21,12.15,12.44,10.76,12.23,0.0
2023-11-22,12.23,12.71,11.02,11.87,0.0
2023-11-23,11.87,12.14,10.98,11.32,0.0
2023-11-24,11.32,11.47,8.68,11.33,0.0
2023-11-28,11.33,12.49,11.07,12.18,0.0
2023-11-29,12.18,14.46,11.33,12.71,0.0
2023-11-30,12.71,13.35,11.76,12.69,0.0
2023-12-01,12.69,12.76,11.78,12.38,0.0
2023-12-04,12.38,13.16,11.34,12.99,0.0
2023-12-05,12.99,13.88,11.48,13.46,0.0
2023-12-06,13.46,14.09,12.69,13.74,0.0
2023-12-07,13.74,13.74,12.55,12.67,0.0
2023-12-08,12.67,12.88,12.14,12.47,0.0
2023-12-11,12.47,13.12,12.23,12.76,0.0
2023-12-12,12.76,12.87,11.69,12.71,0.0
2023-12-13,12.71,12.82,11.54,12.07,0.0
2023-12-14,12.07,12.51,11.0,12.32,0.0
2023-12-15,12.32,13.34,10.8,13.13,0.0
2023-12-18,13.13,14.12,13.13,13.9,0.0
2023-12-19,13.9,14.12,13.55,13.87,0.0
2023-12-20,13.87,14.87,12.78,14.45,0.0
2023-12-21,14.45,15.01,12.28,13.76,0.0
2023-12-22,13.76,13.99,12.23,13.71,0.0
2023-12-26,13.71,14.95,13.71,14.68,0.0
2023-12-27,14.68,15.73,14.47,15.56,0.0
2023-12-28,15.56,16.47,14.96,15.14,0.0
2023-12-29,15.14,15.43,14.37,14.5,0.0
2024-01-01,14.5,14.87,14.33,14.68,0.0
2024-01-02,14.68,15.08,14.24,14.58,0.0
2024-01-03,14.58,14.78,14.02,14.1,0.0
2024-01-04,14.1,14.21,13.21,13.33,0.0
2024-01-05,13.33,13.47,12.49,12.63,0.0
2024-01-08,12.63,13.6,12.63,13.46,0.0
2024-01-09,13.46,13.51,12.78,13.26,0.0
2024-01-10,13.26,14.56,12.81,12.97,0.0
2024-01-11,12.97,13.19,12.63,12.77,0.0
2024-01-12,12.77,13.29,12.42,13.1,0.0
2024-01-15,13.1,13.89,11.79,13.79,0.0
2024-01-16,13.79,14.04,12.49,13.57,0.0
2024-01-17,13.57,15.23,12.72,15.08,0.0
2024-01-18,15.08,15.71,12.98,14.07,0.0
2024-01-19,14.07,14.11,13.68,13.88,0.0
2024-01-23,13.8,15.41,12.2,14.85,0.0
2024-01-24,14.85,15.65,14.03,14.38,0.0
2024-01-25,14.38,15.34,13.36,13.87,0.0
2024-01-29,13.87,15.85,13.8,15.68,0.0
2024-01-30,15.68,16.58,14.99,16.1,0.0
2024-01-31,16.1,16.53,15.8,16.05,0.0
2024-02-01,16.05,16.11,14.36,14.46,0.0
2024-02-02,14.46,15.13,14.03,14.7,0.0
2024-02-05,14.7,16.05,14.7,15.62,0.0
2024-02-06,15.62,15.98,15.09,15.79,0.0
2024-02-07,15.79,16.02,14.74,15.51,0.0
2024-02-08,15.51,16.03,15.24,15.83,0.0
2024-02-09,15.83,16.33,15.27,15.45,0.0
2024-02-12,15.45,16.54,15.45,16.06,0.0
2024-02-13,16.06,16.57,15.75,15.81,0.0
2024-02-14,15.81,16.2,15.34,15.44,0.0
2024-02-15,15.44,15.66,15.11,15.23,0.0
2024-02-16,15.23,15.55,14.9,15.22,0.0
2024-02-19,15.22,16.12,13.7,16.02,0.0
2024-02-20,16.02,16.36,14.21,16.07,0.0
2024-02-21,16.07,16.31,15.68,15.93,0.0
2024-02-22,15.93,16.15,15.13,15.2,0.0
2024-02-23,15.2,15.44,14.84,14.97,0.0
2024-02-26,14.97,15.96,13.76,15.6,0.0
2024-02-27,15.6,16.0,15.53,15.73,0.0
2024-02-28,15.73,16.74,15.31,16.33,0.0
2024-02-29,16.33,16.55,15.37,15.57,0.0
2024-03-01,15.57,15.64,15.0,15.24,0.0
2024-03-04,14.99,15.3,14.82,14.92,0.0
2024-03-05,14.92,15.17,14.18,14.38,0.0
2024-03-06,14.38,14.71,13.91,14.3,0.0
2024-03-07,14.3,14.43,13.56,13.61,0.0
2024-03-11,13.61,14.55,13.61,14.0,0.0
2024-03-12,14.0,14.2,13.58,13.64,0.0
2024-03-13,13.64,15.01,13.53,14.43,0.0
2024-03-14,14.43,14.68,13.52,13.62,0.0
2024-03-15,13.62,14.33,13.59,13.69,0.0
2024-03-18,13.69,14.62,13.69,13.9,0.0
2024-03-19,13.9,14.45,13.88,14.11,0.0
2024-03-20,14.11,14.28,13.09,13.47,0.0
2024-03-21,13.47,13.47,12.34,12.51,0.0
2024-03-22,12.51,13.05,11.81,12.22,0.0
2024-03-26,12.22,13.1,12.09,12.82,0.0
2024-03-27,12.82,13.01,12.53,12.7,0.0
2024-03-28,12.7,13.18,12.26,12.83,0.0
2024-04-01,12.83,13.36,12.01,12.08,0.0
2024-04-02,12.08,12.31,11.6,11.65,0.0
2024-04-03,11.65,11.83,11.31,11.37,0.0
2024-04-04,11.37,11.84,10.86,11.22,0.0
2024-04-05,11.22,11.68,11.04,11.34,0.0
2024-04-08,11.34,11.74,11.13,11.61,0.0
2024-04-09,11.61,11.61,10.62,11.36,0.0
2024-04-10,11.36,11.36,10.99,11.11,0.0
2024-04-12,11.11,11.61,11.11,11.53,0.0
2024-04-15,11.53,12.74,11.31,12.47,0.0
2024-04-16,12.47,12.93,12.34,12.62,0.0
2024-04-18,12.62,13.39,12.03,13.04,0.0
2024-04-19,13.04,14.41,11.92,13.46,0.0
2024-04-22,13.46,13.46,12.61,12.7,0.0
2024-04-23,12.7,12.7,9.86,10.2,0.0
2024-04-24,10.2,11.13,9.95,10.28,0.0
2024-04-25,10.28,11.46,10.26,10.73,0.0
2024-04-26,10.73,11.32,10.59,10.93,0.0
2024-04-29,10.93,12.49,10.93,12.24,0.0
2024-04-30,12.24,13.21,12.24,12.87,0.0
2024-05-02,12.87,13.95,12.87,13.45,0.0
2024-05-03,13.45,15.31,13.45,14.62,0.0
2024-05-06,14.62,16.96,14.62,16.6,0.0
2024-05-07,16.6,17.64,16.6,17.01,0.0
2024-05-08,17.01,18.32,16.46,17.08,0.0
2024-05-09,17.08,19.17,17.08,18.2,0.0
2024-05-10,18.2,19.01,18.0,18.47,0.0
2024-05-13,18.47,21.49,18.47,20.6,0.0
2024-05-14,20.6,21.88,20.11,20.2,0.0
2024-05-15,20.2,20.66,19.87,20.27,0.0
2024-05-16,20.27,21.11,18.97,20.0,0.0
2024-05-17,20.0,20.37,18.98,19.8,0.0
2024-05-21,20.53,22.3,20.53,21.81,0.0
2024-05-22,21.81,22.29,18.18,21.47,0.0
2024-05-23,21.47,24.22,18.84,21.38,0.0
2024-05-24,21.38,21.9,20.59,21.71,0.0
2024-05-27,21.71,26.2,18.43,23.19,0.0
2024-05-28,23.19,24.48,22.03,24.2,0.0
2024-05-29,24.2,24.77,23.55,24.18,0.0
2024-05-30,24.18,24.52,22.75,24.18,0.0
2024-05-31,24.18,24.81,22.6,24.6,0.0
2024-06-03,24.6,24.6,19.11,20.94,0.0
2024-06-04,20.94,31.71,18.8,26.75,0.0
2024-06-05,26.75,26.93,18.66,18.89,0.0
2024-06-06,18.89,18.89,16.56,16.8,0.0
2024-06-07,16.8,17.15,16.37,16.88,0.0
2024-06-10,16.88,17.25,16.17,16.4,0.0
2024-06-11,16.4,16.4,14.68,14.77,0.0
2024-06-12,14.77,14.77,13.17,14.39,0.0
2024-06-13,14.39,14.39,13.31,13.49,0.0
2024-06-14,13.49,13.49,12.66,12.82,0.0
2024-06-18,12.82,13.42,12.63,12.97,0.0
2024-06-19,12.97,13.82,11.63,13.71,0.0
2024-06-20,13.71,14.06,13.1,13.35,0.0
2024-06-21,13.35,13.59,12.48,13.18,0.0
2024-06-24,13.18,14.27,13.15,14.06,0.0
2024-06-25,14.06,14.46,13.84,14.31,0.0
2024-06-26,14.31,14.55,13.99,14.05,0.0
2024-06-27,14.05,14.61,13.92,14.15,0.0
2024-06-28,14.15,14.29,13.69,13.8,0.0
2024-07-01,13.8,14.23,13.79,13.83,0.0
2024-07-02,13.83,14.01,13.32,13.64,0.0
2024-07-03,13.64,13.72,12.87,13.21,0.0
2024-07-04,13.21,13.21,12.26,12.86,0.0
2024-07-05,12.86,12.99,12.08,12.7,0.0
2024-07-08,12.7,13.76,12.7,13.6,0.0
2024-07-09,13.6,14.4,12.79,14.28,0.0
2024-07-10,14.28,14.92,13.41,14.43,0.0
2024-07-11,14.43,14.43,12.68,14.0,0.0
2024-07-12,14.0,14.05,13.22,13.73,0.0
2024-07-15,13.73,14.34,13.57,14.19,0.0
2024-07-16,14.19,14.59,13.8,14.22,0.0
2024-07-18,14.22,14.71,13.75,14.51,0.0
2024-07-19,14.51,14.97,12.74,14.83,0.0
2024-07-22,14.83,15.63,13.12,15.44,0.0
2024-07-23,15.44,16.07,12.59,12.75,0.0
2024-07-24,12.75,14.04,11.62,11.76,0.0
2024-07-25,11.76,13.22,11.28,12.62,0.0
2024-07-26,12.62,13.14,11.98,12.25,0.0
2024-07-29,12.25,13.26,12.03,12.95,0.0
2024-07-30,12.95,13.26,11.72,12.88,0.0
2024-07-31,12.88,13.39,11.62,13.25,0.0
2024-08-01,13.25,13.31,11.98,12.93,0.0
2024-08-02,12.93,14.51,11.69,14.32,0.0
2024-08-05,14.32,23.15,13.91,20.37,0.0
2024-08-06,20.37,20.37,14.87,18.74,0.0
2024-08-07,18.74,18.74,13.72,16.17,0.0
2024-08-08,16.17,17.23,14.38,16.6,0.0
2024-08-09,16.6,16.6,13.43,15.34,0.0
2024-08-12,15.34,16.56,13.4,15.87,0.0
2024-08-13,15.87,16.38,14.22,16.17,0.0
2024-08-14,16.17,16.22,13.82,15.44,0.0
2024-08-16,15.44,15.44,12.95,14.4,0.0
2024-08-19,14.4,14.83,13.2,14.32,0.0
2024-08-20,14.32,14.32,11.43,13.82,0.0
2024-08-21,13.82,14.05,11.82,13.33,0.0
2024-08-22,13.33,13.78,10.96,13.0,0.0
2024-08-23,13.0,13.62,10.84,13.55,0.0
2024-08-26,13.55,13.99,12.01,13.8,0.0
2024-08-27,13.8,14.01,12.71,13.63,0.0
2024-08-28,13.63,14.09,12.04,13.95,0.0
2024-08-29,13.95,14.14,12.48,13.79,0.0
2024-08-30,13.79,13.91,12.54,13.39,0.0
2024-09-02,13.39,14.25,12.63,14.06,0.0
2024-09-03,14.06,14.15,12.69,13.84,0.0
2024-09-04,13.84,14.56,12.81,14.38,0.0
2024-09-05,14.38,14.38,13.34,14.21,0.0
2024-09-06,14.21,15.67,12.35,15.22,0.0
2024-09-09,15.22,15.56,14.11,14.24,0.0
2024-09-10,14.24,14.24,12.17,13.36,0.0
2024-09-11,13.36,13.77,11.33,13.63,0.0
2024-09-12,13.63,13.63,11.14,13.18,0.0
2024-09-13,13.18,13.18,12.47,12.55,0.0
2024-09-16,12.55,12.96,12.31,12.46,0.0
2024-09-17,12.46,12.75,11.88,12.59,0.0
2024-09-18,12.59,13.85,12.26,13.37,0.0
2024-09-19,13.37,13.37,12.1,12.47,0.0
2024-09-20,12.47,13.11,10.9,12.79,0.0
2024-09-23,12.79,14.03,12.43,13.79,0.0
2024-09-24,13.79,14.11,12.74,13.39,0.0
2024-09-25,13.39,13.61,8.98,12.74,0.0
2024-09-26,12.74,12.74,11.35,12.0,0.0
2024-09-27,12.0,12.08,10.5,11.96,0.0
2024-09-30,11.96,13.24,11.6,12.79,0.0
2024-10-01,12.79,12.79,11.71,11.99,0.0
2024-10-03,11.99,13.93,11.69,13.17,0.0
2024-10-04,13.17,14.48,12.29,14.13,0.0
2024-10-07,14.13,15.5,13.62,15.08,0.0
2024-10-08,15.08,15.56,13.88,14.59,0.0
2024-10-09,14.59,14.59,12.7,14.12,0.0
2024-10-10,14.12,14.12,11.73,13.5,0.0
2024-10-11,13.5,13.7,11.54,13.22,0.0
2024-10-14,13.22,13.74,12.92,13.0,0.0
2024-10-15,13.0,13.36,10.92,13.0,0.0
2024-10-16,13.0,13.56,11.44,13.05,0.0
2024-10-17,13.05,13.47,11.06,13.39,0.0
2024-10-18,13.39,14.06,12.87,13.04,0.0
2024-10-21,13.04,14.2,12.55,13.76,0.0
2024-10-22,13.76,14.52,9.47,14.4,0.0
2024-10-23,14.4,15.03,11.74,14.62,0.0
2024-10-24,14.62,14.9,12.7,13.97,0.0
2024-10-25,13.97,15.08,13.35,14.63,0.0
2024-10-28,14.63,15.48,13.54,14.29,0.0
2024-10-29,14.29,15.03,13.56,14.52,0.0
2024-10-30,14.52,15.7,14.28,15.51,0.0
2024-10-31,15.51,16.24,14.65,15.55,0.0
2024-11-01,15.55,16.13,13.63,15.9,0.0
2024-11-04,15.9,17.6,14.78,16.69,0.0
2024-11-05,16.69,19.02,15.8,16.12,0.0
2024-11-06,16.12,20.75,14.71,14.87,0.0
2024-11-07,14.87,15.52,14.27,14.94,0.0
2024-11-08,14.94,15.73,14.39,14.47,0.0
2024-11-11,14.47,15.47,13.12,14.27,0.0
2024-11-12,14.27,14.84,12.74,14.59,0.0
2024-11-13,14.59,15.87,13.93,15.44,0.0
2024-11-14,15.44,15.69,13.41,14.78,0.0
2024-11-18,14.78,16.58,13.76,15.17,0.0
2024-11-19,15.17,16.18,12.73,15.66,0.0
2024-11-21,15.66,16.78,14.84,15.99,0.0
2024-11-22,15.99,18.67,12.75,16.1,0.0
2024-11-25,16.1,16.86,13.63,15.3,0.0
2024-11-26,15.3,16.26,13.87,15.31,0.0
2024-11-27,15.31,15.31,13.25,14.63,0.0
2024-11-28,14.63,15.56,14.27,15.21,0.0
2024-11-29,15.21,15.46,14.33,14.43,0.0
2024-12-02,14.43,15.08,13.31,14.7,0.0
2024-12-03,14.7,14.89,14.24,14.37,0.0
2024-12-04,14.37,14.8,14.11,14.45,0.0
2024-12-05,14.45,15.71,14.06,14.53,0.0
2024-12-06,14.53,15.02,14.05,14.14,0.0
2024-12-09,14.14,14.64,13.45,14.11,0.0
2024-12-10,14.11,14.67,13.7,13.78,0.0
2024-12-11,13.78,14.11,13.18,13.27,0.0
2024-12-12,13.27,13.4,12.95,13.19,0.0
2024-12-13,13.19,14.72,12.47,13.05,0.0
2024-12-16,13.05,14.51,13.05,14.02,0.0
2024-12-17,14.02,14.98,13.18,14.49,0.0
2024-12-18,14.49,15.24,14.27,14.37,0.0
2024-12-19,14.37,15.44,13.87,14.51,0.0
2024-12-20,14.51,15.55,14.4,15.07,0.0
2024-12-23,15.07,16.88,13.42,13.52,0.0
2024-12-24,13.52,15.03,12.98,13.18,0.0
2024-12-26,13.18,14.39,13.08,14.04,0.0
2024-12-27,14.04,14.24,13.04,13.24,0.0
2024-12-30,13.24,14.37,13.24,13.97,0.0
2024-12-31,13.97,14.64,13.97,14.45,0.0
2025-01-01,14.45,14.84,14.31,14.51,0.0
2025-01-02,14.51,14.8,13.63,13.74,0.0
2025-01-03,13.74,13.98,13.23,13.54,0.0
2025-01-06,13.54,15.92,13.54,15.65,0.0
2025-01-07,15.65,15.65,14.35,14.66,0.0
2025-01-08,14.66,14.88,14.1,14.47,0.0
2025-01-09,14.47,14.89,13.75,14.66,0.0
2025-01-10,14.66,15.52,14.66,14.92,0.0
2025-01-13,14.92,16.18,14.45,16.0,0.0
2025-01-14,16.0,16.0,15.12,15.47,0.0
2025-01-15,15.47,15.66,15.2,15.26,0.0
2025-01-16,15.26,15.57,13.96,15.47,0.0
2025-01-17,15.47,16.38,14.05,15.75,0.0
2025-01-20,15.75,17.02,15.18,16.42,0.0
2025-01-21,16.42,17.45,15.2,17.06,0.0
2025-01-22,17.06,17.3,15.91,16.77,0.0
2025-01-23,16.77,17.08,15.67,16.7,0.0
2025-01-24,16.7,17.31,16.12,16.75,0.0
2025-01-27,16.75,18.52,16.75,18.13,0.0
2025-01-28,18.13,18.5,16.83,18.2,0.0
2025-01-29,18.2,19.01,17.29,18.64,0.0
2025-01-30,18.64,18.99,17.22,17.39,0.0
2025-01-31,17.39,17.94,16.11,16.25,0.0
2025-02-03,14.1,15.11,14.1,14.35,0.0
2025-02-04,14.35,15.13,13.67,14.02,0.0
2025-02-05,14.02,14.3,13.5,14.08,0.0
2025-02-06,14.08,14.64,13.15,14.18,0.0
2025-02-07,14.18,14.51,13.55,13.69,0.0
2025-02-10,13.69,14.72,13.69,14.45,0.0
2025-02-11,14.45,15.43,13.85,14.87,0.0
2025-02-12,14.87,15.62,14.61,14.9,0.0
2025-02-13,14.9,15.47,12.2,14.96,0.0
2025-02-14,14.96,15.68,14.36,15.02,0.0
2025-02-17,15.02,16.31,14.5,15.72,0.0
2025-02-18,15.72,16.32,14.78,15.67,0.0
2025-02-19,15.67,16.02,14.75,15.42,0.0
2025-02-20,15.42,15.9,14.64,14.68,0.0
2025-02-21,14.68,15.24,12.08,14.53,0.0
2025-02-24,14.53,15.58,14.37,14.44,0.0
2025-02-25,14.44,15.08,13.61,13.72,0.0
2025-02-27,13.72,14.01,12.91,13.31,0.0
2025-02-28,13.31,14.12,13.23,13.91,0.0
2025-03-03,13.91,14.36,13.57,13.76,0.0
2025-03-04,13.76,14.2,13.37,13.83,0.0
2025-03-05,13.83,14.13,13.1,13.67,0.0
2025-03-06,13.67,14.18,13.28,13.73,0.0
2025-03-07,13.73,13.86,13.33,13.47,0.0
2025-03-10,13.47,14.21,13.47,13.99,0.0
2025-03-11,13.99,14.5,13.68,14.07,0.0
2025-03-12,14.07,14.37,13.64,13.69,0.0
2025-03-13,13.69,13.93,13.22,13.28,0.0
2025-03-17,13.28,14.1,13.28,13.42,0.0
2025-03-18,13.42,13.65,11.34,13.21,0.0
2025-03-19,13.21,13.57,12.59,13.3,0.0
2025-03-20,13.3,13.3,12.51,12.6,0.0
2025-03-21,12.6,12.84,10.7,12.58,0.0
2025-03-24,12.58,13.95,12.58,13.7,0.0
2025-03-25,13.7,14.48,13.49,13.64,0.0
2025-03-26,13.64,13.92,13.31,13.47,0.0
2025-03-27,13.47,13.85,12.98,13.3,0.0
2025-03-28,13.3,13.61,12.57,12.72,0.0
2025-04-01,12.72,14.05,12.72,13.78,0.0
2025-04-02,13.78,14.14,13.51,13.72,0.0
2025-04-03,13.72,14.11,13.41,13.6,0.0
2025-04-04,13.6,14.25,13.4,13.76,0.0
2025-04-07,13.76,23.19,13.76,22.79,0.0
2025-04-08,22.79,22.79,19.38,20.44,0.0
2025-04-09,20.44,21.75,19.7,21.43,0.0
2025-04-11,21.43,21.43,18.86,20.11,0.0
2025-04-15,20.11,20.11,15.97,16.13,0.0
2025-04-16,16.13,16.13,15.12,15.87,0.0
2025-04-17,15.87,16.46,15.09,15.47,0.0
2025-04-21,15.47,16.33,14.22,15.52,0.0
2025-04-22,15.52,16.01,14.54,15.23,0.0
2025-04-23,15.23,16.52,12.84,15.96,0.0
2025-04-24,15.96,16.76,15.55,16.25,0.0
2025-04-25,16.25,17.58,15.92,17.16,0.0
2025-04-28,17.16,18.07,16.62,16.94,0.0
2025-04-29,16.94,17.59,16.07,17.37,0.0
2025-04-30,17.37,18.56,15.99,18.22,0.0
2025-05-02,18.22,18.86,17.35,18.26,0.0
2025-05-05,18.26,18.8,18.07,18.34,0.0
2025-05-06,18.34,19.3,17.99,19.0,0.0
2025-05-07,19.0,19.73,18.36,19.06,0.0
2025-05-08,19.06,21.89,18.15,21.01,0.0
2025-05-09,21.01,22.75,21.0,21.63,0.0
2025-05-12,21.63,21.63,17.21,18.39,0.0
2025-05-13,18.39,18.9,17.89,18.2,0.0
2025-05-14,18.2,19.24,17.08,17.23,0.0
2025-05-15,17.23,17.67,16.72,16.89,0.0
2025-05-16,16.89,17.06,16.22,16.55,0.0
2025-05-19,16.55,17.45,15.83,17.36,0.0
2025-05-20,17.36,17.66,15.97,17.39,0.0
2025-05-21,17.39,18.0,17.04,17.55,0.0
2025-05-22,17.55,18.2,16.7,17.26,0.0
2025-05-23,17.26,17.52,15.49,17.28,0.0
2025-05-26,17.28,18.41,16.06,18.02,0.0
2025-05-27,18.02,19.18,17.42,18.54,0.0
2025-05-28,18.54,19.04,17.88,18.02,0.0
2025-05-29,18.02,18.02,16.21,16.42,0.0
2025-05-30,16.42,16.55,15.29,16.08,0.0
2025-06-02,16.08,17.73,16.08,17.16,0.0
2025-06-03,17.16,17.73,16.26,16.56,0.0
2025-06-04,16.56,17.06,15.63,15.75,0.0
2025-06-05,15.75,15.93,14.98,15.08,0.0
2025-06-06,15.08,15.61,14.37,14.63,0.0
2025-06-09,14.63,15.52,14.63,14.69,0.0
2025-06-10,14.69,14.74,13.93,14.02,0.0
2025-06-11,14.02,14.16,13.56,13.67,0.0
2025-06-12,13.67,14.27,13.13,14.02,0.0
2025-06-13,14.02,15.98,14.02,15.08,0.0
2025-06-16,15.08,15.47,14.55,14.84,0.0
2025-06-17,14.84,15.02,14.3,14.4,0.0
2025-06-18,14.4,14.82,14.11,14.28,0.0
2025-06-19,14.28,14.37,13.74,14.26,0.0
2025-06-20,14.26,14.26,13.32,13.67,0.0
2025-06-23,13.67,14.52,13.66,14.05,0.0
2025-06-24,14.05,14.34,13.31,13.64,0.0
2025-06-25,13.64,13.64,12.9,12.96,0.0
2025-06-26,12.96,13.33,12.52,12.59,0.0
2025-06-27,12.59,12.92,12.32,12.39,0.0
2025-06-30,12.39,13.03,12.39,12.79,0.0
2025-07-01,12.79,12.99,12.44,12.53,0.0
2025-07-02,12.53,12.66,12.34,12.45,0.0
2025-07-03,12.45,12.66,12.19,12.39,0.0
2025-07-04,12.39,12.7,12.24,12.32,0.0
2025-07-07,12.32,12.79,11.94,12.56,0.0
2025-07-08,12.56,12.71,12.06,12.2,0.0
2025-07-09,12.2,12.36,11.75,11.94,0.0
2025-07-10,11.94,12.19,11.61,11.67,0.0
2025-07-11,11.67,12.12,11.54,11.82,0.0
2025-07-14,11.82,12.42,11.82,11.98,0.0
2025-07-15,11.98,12.03,11.41,11.48,0.0
2025-07-16,11.48,11.67,11.2,11.24,0.0
2025-07-17,11.24,11.54,10.73,11.24,0.0
2025-07-18,11.24,11.86,9.9,11.39,0.0
2025-07-21,11.39,11.94,11.09,11.2,0.0
2025-07-22,11.2,11.23,10.69,10.75,0.0
2025-07-23,10.75,10.75,10.22,10.52,0.0
2025-07-24,10.52,11.11,9.87,10.72,0.0
2025-07-25,10.72,11.58,10.61,11.28,0.0
2025-07-28,11.28,12.23,10.33,12.06,0.0
2025-07-29,12.06,12.3,11.4,11.53,0.0
2025-07-30,11.53,11.78,10.61,11.21,0.0
2025-07-31,11.21,12.12,11.21,11.54,0.0
2025-08-01,11.54,12.11,11.4,11.98,0.0
2025-08-04,11.98,12.63,11.8,11.97,0.0
2025-08-05,11.97,12.18,11.64,11.71,0.0
2025-08-06,11.71,12.05,10.66,11.96,0.0
2025-08-07,11.96,12.31,11.56,11.69,0.0
2025-08-08,11.69,12.2,10.9,12.03,0.0
2025-08-11,12.03,12.73,12.03,12.22,0.0
2025-08-12,12.22,12.42,11.6,12.23,0.0
2025-08-13,12.23,12.35,10.78,12.14,0.0
2025-08-14,12.14,12.47,11.47,12.36,0.0
2025-08-18,12.36,13.47,11.75,12.34,0.0
2025-08-19,12.34,12.34,11.76,11.79,0.0
2025-08-20,11.79,11.99,10.19,11.79,0.0
2025-08-21,11.79,11.89,10.09,11.37,0.0
2025-08-22,11.37,11.79,10.7,11.73,0.0
2025-08-25,11.73,12.35,11.55,11.76,0.0
2025-08-26,11.76,12.55,10.93,12.19,0.0
2025-08-28,12.19,13.15,11.58,12.18,0.0
2025-08-29,12.18,12.2,11.59,11.75,0.0
2025-09-01,11.75,12.2,11.24,11.29,0.0
2025-09-02,11.29,11.78,10.78,11.4,0.0
2025-09-03,11.4,11.58,10.85,10.93,0.0
2025-09-04,10.93,11.24,10.49,10.85,0.0
2025-09-05,10.85,11.44,9.95,10.78,0.0
2025-09-08,10.78,11.08,10.42,10.84,0.0
2025-09-09,10.84,11.45,9.85,10.69,0.0
2025-09-10,10.69,10.84,10.25,10.54,0.0
2025-09-11,10.54,10.78,10.18,10.36,0.0
2025-09-12,10.36,10.36,9.85,10.12,0.0
2025-09-15,10.12,10.68,9.9,10.4,0.0
2025-09-16,10.4,10.5,9.76,10.27,0.0
2025-09-17,10.27,10.36,9.62,10.25,0.0
2025-09-18,10.25,10.25,9.49,9.89,0.0
2025-09-19,9.89,10.26,9.4,9.97,0.0
2025-09-22,9.97,10.73,9.97,10.56,0.0
2025-09-23,10.56,10.9,9.96,10.63,0.0
2025-09-24,10.63,10.89,10.11,10.52,0.0
2025-09-25,10.52,10.9,10.29,10.78,0.0
2025-09-26,10.78,11.68,10.17,11.43,0.0
2025-09-29,11.43,11.73,10.62,11.37,0.0
2025-09-30,11.37,11.79,10.93,11.07,0.0
2025-10-01,11.07,11.26,10.15,10.29,0.0
2025-10-03,10.29,10.62,9.95,10.06,0.0
2025-10-06,10.06,10.54,9.66,10.19,0.0
2025-10-07,10.19,10.45,10.0,10.05,0.0
2025-10-08,10.05,10.52,9.69,10.31,0.0
2025-10-09,10.31,10.57,10.0,10.12,0.0
2025-10-10,10.12,10.34,9.71,10.1,0.0
2025-10-13,10.1,11.26,9.78,11.01,0.0
2025-10-14,11.01,11.67,10.01,11.16,0.0
2025-10-15,11.16,11.16,10.43,10.53,0.0
2025-10-16,10.53,11.06,10.38,10.87,0.0
2025-10-17,10.87,11.81,9.78,11.63,0.0
2025-10-20,11.63,11.88,10.67,11.36,0.0
2025-10-21,11.36,11.6,10.7,11.3,0.0
2025-10-23,11.3,12.05,10.74,11.73,0.0
2025-10-24,11.73,11.94,11.44,11.59,0.0
2025-10-27,11.59,12.73,11.28,11.86,0.0
2025-10-28,11.86,12.64,10.71,11.95,0.0
2025-10-29,11.95,12.1,11.23,11.97,0.0
2025-10-30,11.97,12.27,11.71,12.07,0.0
2025-10-31,12.07,12.29,11.77,12.15,0.0
2025-11-03,12.15,12.94,11.79,12.67,0.0
2025-11-04,12.67,12.94,10.98,12.65,0.0
2025-11-06,12.65,12.87,12.06,12.41,0.0
2025-11-07,12.41,12.67,11.96,12.56,0.0
2025-11-10,12.56,12.93,11.41,12.3,0.0
2025-11-11,12.3,13.01,11.99,12.49,0.0
2025-11-12,12.49,12.71,11.44,12.11,0.0
2025-11-13,12.11,12.27,11.23,12.16,0.0
2025-11-14,12.16,12.45,11.8,11.94,0.0
2025-11-17,11.94,12.28,10.9,11.79,0.0
2025-11-18,11.79,12.29,10.94,12.1,0.0
2025-11-19,12.1,12.38,10.77,11.97,0.0
2025-11-20,11.97,12.38,11.06,12.14,0.0
2025-11-21,12.14,13.85,12.14,13.63,0.0
2025-11-24,13.63,13.63,11.94,13.24,0.0
2025-11-25,13.24,13.24,10.86,12.24,0.0
2025-11-26,12.24,12.57,11.59,11.97,0.0
2025-11-27,11.97,12.24,11.51,11.79,0.0
2025-11-28,11.79,11.79,10.82,11.62,0.0
2025-12-01,11.62,12.01,10.9,11.63,0.0
2025-12-02,11.63,11.94,11.03,11.23,0.0
2025-12-03,11.23,11.37,10.92,11.21,0.0
2025-12-04,11.21,11.27,10.58,10.82,0.0
2025-12-05,10.82,10.87,10.16,10.32,0.0
2025-12-08,10.32,11.61,10.14,11.13,0.0
2025-12-09,11.13,11.88,10.46,10.95,0.0
2025-12-10,10.95,11.42,10.49,10.91,0.0
2025-12-11,10.91,11.19,10.32,10.4,0.0
2025-12-12,10.4,10.4,9.96,10.11,0.0
2025-12-15,10.11,10.84,10.05,10.25,0.0
2025-12-16,10.25,10.43,9.66,10.06,0.0
2025-12-17,10.06,10.18,9.48,9.84,0.0
2025-12-18,9.84,9.95,9.61,9.71,0.0
2025-12-19,9.71,10.31,9.44,9.52,0.0
2025-12-22,9.52,9.9,8.86,9.68,0.0
2025-12-23,9.68,9.79,9.32,9.38,0.0
2025-12-24,9.38,9.68,8.88,9.19,0.0
2025-12-26,9.19,9.4,9.02,9.15,0.0
2025-12-29,9.15,9.77,9.05,9.72,0.0
2025-12-30,9.72,9.99,9.59,9.68,0.0
2025-12-31,9.68,9.73,9.31,9.48,0.0
2026-01-01,9.48,9.48,8.72,9.19,0.0
2026-01-02,9.19,9.56,8.97,9.45,0.0
2026-01-05,9.45,10.22,9.29,10.02,0.0
2026-01-06,10.02,10.29,9.65,10.02,0.0
2026-01-07,10.02,10.24,9.74,9.95,0.0
2026-01-08,9.95,10.99,9.48,10.6,0.0
2026-01-09,10.6,11.04,10.22,10.93,0.0
2026-01-12,10.93,11.95,10.52,11.37,0.0
2026-01-13,11.37,11.68,10.64,11.2,0.0
2026-01-14,11.2,11.47,11.01,11.32,0.0
2026-01-16,11.32,11.58,10.88,11.37,0.0
2026-01-19,11.37,12.13,10.39,11.83,0.0
2026-01-20,11.83,12.9,11.0,12.73,0.0
2026-01-21,12.73,14.43,12.43,13.78,0.0
2026-01-22,13.78,14.33,12.91,13.35,0.0
2026-01-23,13.35,14.43,12.28,14.19,0.0
2026-01-27,14.19,16.06,13.92,14.45,0.0
2026-01-28,14.45,14.51,13.44,13.53,0.0
2026-01-29,13.53,14.19,13.07,13.37,0.0
2026-01-30,13.37,14.23,12.88,13.63,0.0
2026-02-02,15.1,15.55,13.58,13.87,0.0
2026-02-03,13.87,15.47,11.85,12.9,0.0
2026-02-04,12.9,13.15,12.06,12.25,0.0
2026-02-05,12.25,12.55,10.94,12.17,0.0
2026-02-06,12.17,12.35,11.16,11.94,0.0
2026-02-09,11.94,12.28,10.67,12.19,0.0
2026-02-10,12.19,12.19,10.36,11.67,0.0
2026-02-11,11.67,11.71,10.56,11.55,0.0
2026-02-12,11.55,12.11,10.85,11.73,0.0
2026-02-13,11.73,13.58,10.96,13.29,0.0
2026-02-16,13.29,13.83,13.24,13.33,0.0
2026-02-17,13.33,13.48,11.63,12.67,0.0
2026-02-18,12.67,12.77,11.35,12.22,0.0
2026-02-19,12.22,13.68,9.73,13.46,0.0
2026-02-20,13.46,14.78,13.1,14.36,0.0
2026-02-23,14.36,14.48,12.77,14.17,0.0
2026-02-24,14.17,14.95,12.35,14.15,0.0
2026-02-25,14.15,14.15,12.84,13.49,0.0
2026-02-26,13.49,13.61,11.81,13.06,0.0
2026-02-27,13.06,14.04,11.2,13.7,0.0
2026-03-02,13.7,17.81,12.83,17.13,0.0
2026-03-04,17.13,21.37,16.97,21.14,0.0
2026-03-05,21.14,21.14,17.3,17.86,0.0
2026-03-06,17.86,20.14,17.2,19.88,0.0
2026-03-09,19.88,24.49,19.22,23.36,0.0
2026-03-10,23.36,23.36,18.78,18.91,0.0
2026-03-11,18.91,21.39,17.24,21.06,0.0
2026-03-12,21.06,22.36,20.82,21.52,0.0
2026-03-13,21.52,22.88,21.25,22.65,0.0
2026-03-16,22.65,22.88,19.82,21.6,0.0
2026-03-17,21.6,21.6,19.63,19.79,0.0
2026-03-18,19.79,19.79,18.59,18.72,0.0
2026-03-19,18.72,23.2,18.72,22.8,0.0
2026-03-20,22.8,23.14,21.69,22.81,0.0
2026-03-23,22.81,27.17,22.81,26.73,0.0
2026-03-24,26.73,26.73,24.63,24.74,0.0
2026-03-25,24.74,25.23,24.14,24.64,0.0
2026-03-27,24.64,27.09,23.39,26.8,0.0
2026-03-30,26.8,28.91,26.8,27.89,0.0
2026-04-01,27.89,27.89,23.65,25.01,0.0
2026-04-02,25.01,26.6,25.01,25.52,0.0
2026-04-06,25.52,26.56,25.08,25.47,0.0
2026-04-07,25.47,26.26,24.55,24.7,0.0
2026-04-08,24.7,24.7,19.31,19.54,0.0
